,SOURCE_KEY,DAY,DC_efficiency_unnorm,DC_efficiency,AC_efficiency_unnorm,AC_efficiency,alarm_negative_trend,alarm_negative_trend_temp,alarm_AC_negative_trend,alarm_DC_conversion_fall,alarm_DC_conversion_jump,alarm_AC_conversion_fall,alarm_AC_conversion_jump,alarm_inefficient_inverter_day,alarm_AC_inefficient_inverter_day,alarm_inefficient_inverter_window,alarm_AC_inefficient_inverter_window
0,1BY6WEcLGh8j5v7,136,12654.292747944379,0.7726148507635018,0.09789364159207316,0.9993639231665816,0,0,0,0,0,0,0,1,0,,
1,1IF53ai7Xc0U56Y,136,13565.308175037648,0.8282374021195428,0.09784764770232214,0.9988943867048081,0,0,0,0,0,0,0,0,0,,
2,3PZuoBAID5Wc2HD,136,13360.674323864816,0.8157433690246675,0.09784574830167725,0.9988749963496301,0,0,0,0,0,0,0,0,0,,
3,7JYdWkrLSPkdwr4,136,13241.189744546895,0.8084481718724401,0.0978614940603299,0.9990357396102181,0,0,0,0,0,0,0,0,0,,
4,McdE0feGgRqW7Ca,136,13695.649535171331,0.8361954660361814,0.0978271955848459,0.9986855977781147,0,0,0,0,0,0,0,0,0,,
5,VHMLBKoKgIrUVDU,136,13692.529146254843,0.8360049489630381,0.09785801056350012,0.9990001777391759,0,0,0,0,0,0,0,0,0,,
6,WRmjgnKYAwPKWDb,136,13346.230042397503,0.8148614654214759,0.09785246330729927,0.9989435476288896,0,0,0,0,0,0,0,0,0,,
7,ZnxXDlPa8U1GXgE,136,13838.173872748663,0.8448973683866992,0.09784759291532155,0.9988938274023759,0,0,0,0,0,0,0,0,0,,
8,ZoEaEvLYb1n2sOq,136,13647.239710504513,0.8332397773852676,0.09785328904510339,0.9989519773139847,0,0,0,0,0,0,0,0,0,,
9,adLQvlD726eNBSB,136,13618.313197060299,0.831473653089507,0.0978341446265813,0.9987565382549219,0,0,0,0,0,0,0,0,0,,
10,bvBOhCH3iADSZry,136,12568.02102247551,0.7673474827939195,0.097907128867627,0.9995016103175661,0,0,0,0,0,0,0,1,0,,
11,iCRJl6heRkivqQ3,136,13887.251586093624,0.8478938353506857,0.09782217693077551,0.9986343639927612,0,0,0,0,0,0,0,0,0,,
12,ih0vzX44oOqAx2f,136,13574.083583286918,0.8287731895293923,0.09785681847916416,0.9989880081430781,0,0,0,0,0,0,0,0,0,,
13,pkci93gMrogZuBj,136,13550.310462045574,0.8273217084481563,0.09784681089889334,0.9988858440543977,0,0,0,0,0,0,0,0,0,,
14,rGa61gmuvPhdLxV,136,13899.905696901194,0.848666439092979,0.09783150494417714,0.998729590607246,0,0,0,0,0,0,0,0,0,,
15,sjndEbLyjtCKgGv,136,13640.06437925379,0.832801683562572,0.09784946007048181,0.9989128885740288,0,0,0,0,0,0,0,0,0,,
16,uHbuxQJl8lW7ozc,136,13305.088748100956,0.8123495609171085,0.09785318793293905,0.9989509450932236,0,0,0,0,0,0,0,0,0,,
17,wCURE6d3bPkepu2,136,13637.387165323391,0.8326382247836027,0.09784453500629604,0.998862610216962,0,0,0,0,0,0,0,0,0,,
18,z9Y9gH1T5YWrNuG,136,13575.180176887263,0.8288401426588761,0.09782530337285848,0.9986662808095715,0,0,0,0,0,0,0,0,0,,
19,zBIq5rxdHJRwDNY,136,13812.346794889037,0.8433204818468004,0.09783424910483621,0.9987576048389922,0,0,0,0,0,0,0,0,0,,
20,zVJPv84UY57bAof,136,12911.863643817574,0.7883409844352882,0.09784124173940294,0.9988289903406472,0,0,0,0,0,0,0,0,0,,
21,YxYtjZvoooNbGkE,136,13652.335098291744,0.8335508791080763,0.09785400781306287,0.998959314979191,0,0,0,0,0,0,0,0,0,,
22,1BY6WEcLGh8j5v7,137,13815.53615814398,0.843515210186371,0.09788209849575452,0.9992460835006455,0,0,0,0,0,0,0,0,0,,
23,1IF53ai7Xc0U56Y,137,14561.749563679314,0.8890756828606785,0.09786212626904567,0.9990421936206336,0,0,0,0,0,0,0,0,0,,
24,3PZuoBAID5Wc2HD,137,14640.573081512191,0.8938882963887633,0.0978459831947392,0.9988773942954833,0,0,0,0,0,0,0,0,0,,
25,7JYdWkrLSPkdwr4,137,14122.968697307988,0.8622856740990721,0.09786963146890168,0.9991188117323953,0,0,0,0,0,0,0,0,0,,
26,McdE0feGgRqW7Ca,137,14465.372764755042,0.8831913440358132,0.09784949053758936,0.9989131996026883,0,0,0,0,0,0,0,0,0,,
27,VHMLBKoKgIrUVDU,137,14748.556219745402,0.9004812666868923,0.0978440752212774,0.9988579164232428,0,0,0,0,0,0,0,0,0,,
28,WRmjgnKYAwPKWDb,137,14543.869321325274,0.8879839947629595,0.097848613837971,0.9989042496652277,0,0,0,0,0,0,0,0,0,,
29,ZnxXDlPa8U1GXgE,137,14686.142179160817,0.896670542878591,0.0978643857360375,0.9990652597744768,0,0,0,0,0,0,0,0,0,,
30,ZoEaEvLYb1n2sOq,137,14047.734454243206,0.8576922057294357,0.09787182999625697,0.9991412557735735,0,0,0,0,0,0,0,0,0,,
31,adLQvlD726eNBSB,137,14759.117849631899,0.9011261128478839,0.09786388929665728,0.9990601917884608,0,0,0,0,0,0,0,0,0,,
32,bvBOhCH3iADSZry,137,13461.588435014472,0.8219047359598909,0.09789135918072094,0.9993406227813254,0,0,0,0,0,0,0,1,0,,
33,iCRJl6heRkivqQ3,137,14097.868115057332,0.86075314415086,0.0978729751179229,0.9991529459432509,0,0,0,0,0,0,0,0,0,,
34,ih0vzX44oOqAx2f,137,14148.93701763176,0.8638711842758293,0.09786257015742318,0.9990467251307826,0,0,0,0,0,0,0,0,0,,
35,pkci93gMrogZuBj,137,13733.687492224673,0.8385178945667597,0.09790581718496007,0.9994882197815247,0,0,0,0,0,0,0,0,0,,
36,rGa61gmuvPhdLxV,137,13786.627481171297,0.8417501749062565,0.09790015784551248,0.9994304454503129,0,0,0,0,0,0,0,0,0,,
37,sjndEbLyjtCKgGv,137,14094.810097059877,0.8605664351687149,0.09787296459527858,0.9991528385210432,0,0,0,0,0,0,0,0,0,,
38,uHbuxQJl8lW7ozc,137,13929.854547730303,0.8504949827638711,0.09789801047126442,0.9994085236143474,0,0,0,0,0,0,0,0,0,,
39,wCURE6d3bPkepu2,137,14360.68833342831,0.876799778114446,0.09785175546045262,0.9989363214537247,0,0,0,0,0,0,0,0,0,,
40,z9Y9gH1T5YWrNuG,137,14307.623949069586,0.8735599027441823,0.09785527254649257,0.9989722262259432,0,0,0,0,0,0,0,0,0,,
41,zBIq5rxdHJRwDNY,137,14038.075967607196,0.8571025014796985,0.09788530019140353,0.9992787685563094,0,0,0,0,0,0,0,0,0,,
42,zVJPv84UY57bAof,137,14092.376403787266,0.8604178446783511,0.09787509635548473,0.9991746009584009,0,0,0,0,0,0,0,0,0,,
43,YxYtjZvoooNbGkE,137,14143.186924017871,0.8635201091262448,0.09786066081302625,0.9990272332631173,0,0,0,0,0,0,0,0,0,,
44,1BY6WEcLGh8j5v7,138,12746.229513564092,0.7782281008963859,0.09777049685252796,0.9981067791066841,0,0,0,0,0,0,0,1,0,,
45,1IF53ai7Xc0U56Y,138,14200.803207411916,0.8670379032126245,0.09771954789356924,0.9975866579764638,0,0,0,0,0,0,0,0,0,,
46,3PZuoBAID5Wc2HD,138,14246.452397187413,0.8698250397716076,0.09771254519408949,0.9975151697254292,0,0,0,0,0,0,0,0,0,,
47,7JYdWkrLSPkdwr4,138,13571.529783796668,0.8286172658874045,0.09777330986786104,0.9981354962531042,0,0,0,0,0,0,0,0,0,,
48,McdE0feGgRqW7Ca,138,13733.467509785782,0.8385044634171427,0.09772360889112448,0.9976281153620793,0,0,0,0,0,0,0,0,0,,
49,VHMLBKoKgIrUVDU,138,14153.619052667143,0.8641570485174891,0.0977416389507208,0.9978121782981398,0,0,0,0,0,0,0,0,0,,
50,WRmjgnKYAwPKWDb,138,13976.96253533783,0.8533711870322663,0.09772227160856166,0.9976144634851378,0,0,0,0,0,0,0,0,0,,
51,ZnxXDlPa8U1GXgE,138,13825.298682652787,0.8441112665260406,0.09774047979001318,0.9978003448085128,0,0,0,0,0,0,0,0,0,,
52,ZoEaEvLYb1n2sOq,138,13670.309315441587,0.8346483048889897,0.09775372391340542,0.9979355496992177,0,0,0,0,0,0,0,0,0,,
53,adLQvlD726eNBSB,138,14404.950344095741,0.8795022196848661,0.09771165033203215,0.997506034373615,0,0,0,0,0,0,0,0,0,,
54,bvBOhCH3iADSZry,138,12682.22174353177,0.7743200710541602,0.09779749067917429,0.9983823501862744,0,0,0,0,0,0,0,1,0,,
55,iCRJl6heRkivqQ3,138,13786.426603173592,0.8417379101888748,0.09776493606733871,0.998050010883414,0,0,0,0,0,0,0,0,0,,
56,ih0vzX44oOqAx2f,138,13434.064864352393,0.8202242691125426,0.09773319666294399,0.9977259937646408,0,0,0,0,0,0,0,0,0,,
57,pkci93gMrogZuBj,138,13538.407930905558,0.8265949928186364,0.09776662495938573,0.998067252225696,0,0,0,0,0,0,0,0,0,,
58,rGa61gmuvPhdLxV,138,13660.953430728357,0.8340770761672069,0.09777666416099598,0.9981697391262088,0,0,0,0,0,0,0,0,0,,
59,sjndEbLyjtCKgGv,138,13580.727637591714,0.8291788459439713,0.09775730961431435,0.9979721549380195,0,0,0,0,0,0,0,0,0,,
60,uHbuxQJl8lW7ozc,138,13500.618763640003,0.8242877542863133,0.09774760329803896,0.9978730663541777,0,0,0,0,0,0,0,0,0,,
61,wCURE6d3bPkepu2,138,13447.644945943097,0.8210534085137361,0.09774483999231628,0.9978448566767869,0,0,0,0,0,0,0,0,0,,
62,z9Y9gH1T5YWrNuG,138,13357.546699461422,0.8155524101848647,0.09772494829747859,0.997641788920106,0,0,0,0,0,0,0,0,0,,
63,zBIq5rxdHJRwDNY,138,13703.425543843738,0.8366702345514698,0.09775706160984833,0.9979696231421633,0,0,0,0,0,0,0,0,0,,
64,zVJPv84UY57bAof,138,13828.744506712477,0.8443216532220547,0.09775250525090648,0.9979231087754136,0,0,0,0,0,0,0,0,0,,
65,YxYtjZvoooNbGkE,138,13622.110289173195,0.8317054866510166,0.09775817198109092,0.9979809585562222,0,0,0,0,0,0,0,0,0,,
66,1BY6WEcLGh8j5v7,139,13327.495955342083,0.8137176453627163,0.09789328817409446,0.9993603152389168,0,0,0,0,0,0,0,1,0,,
67,1IF53ai7Xc0U56Y,139,14559.042011932524,0.8889103717895307,0.09786775859437054,0.99909969217357,0,0,0,0,0,0,0,0,0,,
68,3PZuoBAID5Wc2HD,139,14636.971168608341,0.8936683796019382,0.0978555194484473,0.9989747467666249,0,0,0,0,0,0,0,0,0,,
69,7JYdWkrLSPkdwr4,139,14142.067998705781,0.8634517925217347,0.09787755223210558,0.9991996721934138,0,0,0,0,0,0,0,0,0,,
70,McdE0feGgRqW7Ca,139,14594.63694270818,0.8910836399979526,0.09785861958064129,0.9990063949944499,0,0,0,0,0,0,0,0,0,,
71,VHMLBKoKgIrUVDU,139,14598.081407775764,0.8912939437199511,0.09786317751276367,0.9990529254212812,0,0,0,0,0,0,0,0,0,,
72,WRmjgnKYAwPKWDb,139,14407.862929610941,0.8796800492062771,0.09786441591635912,0.9990655678754333,0,0,0,0,0,0,0,0,0,,
73,ZnxXDlPa8U1GXgE,139,14575.331170167856,0.8899049153653539,0.0978564870844672,0.998984625043838,0,0,0,0,0,0,0,0,0,,
74,ZoEaEvLYb1n2sOq,139,14284.181353541226,0.8721286020933738,0.09786810665074153,0.9991032453663488,0,0,0,0,0,0,0,0,0,,
75,adLQvlD726eNBSB,139,14721.292663495784,0.8988166751634741,0.09786252231993,0.9990462367735812,0,0,0,0,0,0,0,0,0,,
76,bvBOhCH3iADSZry,139,13321.946101181305,0.8133787959438197,0.09788878659673138,0.9993143601192498,0,0,0,0,0,0,0,1,0,,
77,iCRJl6heRkivqQ3,139,14404.490118769669,0.879474120372743,0.09786797167670826,0.999101867460928,0,0,0,0,0,0,0,0,0,,
78,ih0vzX44oOqAx2f,139,14206.19450981731,0.8673670721663016,0.09786735411065328,0.9990955629326105,0,0,0,0,0,0,0,0,0,,
79,pkci93gMrogZuBj,139,14352.474144747895,0.876298256276136,0.09787242845592553,0.999147365251089,0,0,0,0,0,0,0,0,0,,
80,rGa61gmuvPhdLxV,139,14400.973259094135,0.8792593965578692,0.09786817357143543,0.9991039285376571,0,0,0,0,0,0,0,0,0,,
81,sjndEbLyjtCKgGv,139,14316.06096170715,0.8740750292225798,0.09786389753460818,0.9990602758869865,0,0,0,0,0,0,0,0,0,,
82,uHbuxQJl8lW7ozc,139,14628.827266313527,0.8931711491378207,0.0978252542038506,0.9986657788593752,0,0,0,0,0,0,0,0,1,,
83,wCURE6d3bPkepu2,139,14453.606227111544,0.8824729315645267,0.09786574551454573,0.9990791413051106,0,0,0,0,0,0,0,0,0,,
84,z9Y9gH1T5YWrNuG,139,14313.07150480189,0.8738925062758829,0.09787184617463963,0.9991414209333499,0,0,0,0,0,0,0,0,0,,
85,zBIq5rxdHJRwDNY,139,14458.168214014655,0.8827514662009965,0.09785990413543166,0.9990195085909405,0,0,0,0,0,0,0,0,0,,
86,zVJPv84UY57bAof,139,14431.912193826389,0.8811483903497052,0.09786447044973218,0.9990661245886657,0,0,0,0,0,0,0,0,0,,
87,YxYtjZvoooNbGkE,139,14341.897279474757,0.8756524799101768,0.09787028668653514,0.9991255006332682,0,0,0,0,0,0,0,0,0,,
88,1BY6WEcLGh8j5v7,140,12703.448114869709,0.7756160589098368,0.09786926223016114,0.999115042295787,0,0,0,0,0,0,0,1,0,,
89,1IF53ai7Xc0U56Y,140,13813.265696241588,0.8433765858777019,0.09782548310664671,0.9986681156525787,0,0,0,0,0,0,0,0,0,,
90,3PZuoBAID5Wc2HD,140,13396.340056212171,0.8179209600622542,0.09783403945133046,0.9987554645554498,0,0,0,0,0,0,0,0,0,,
91,7JYdWkrLSPkdwr4,140,13651.065338085114,0.8334733531955587,0.09784246730862158,0.9988415017728765,0,0,0,0,0,0,0,0,0,,
92,McdE0feGgRqW7Ca,140,14237.431621039155,0.8692742712888183,0.0978203739376108,0.9986159578297742,0,0,0,0,0,0,0,0,0,,
93,VHMLBKoKgIrUVDU,140,13955.534768493884,0.852062902862452,0.09782686099864912,0.9986821820979049,0,0,0,0,0,0,0,0,0,,
94,WRmjgnKYAwPKWDb,140,13064.041013168095,0.7976322579858731,0.09784232523847443,0.9988400514255678,0,0,0,0,0,0,0,0,0,,
95,ZnxXDlPa8U1GXgE,140,13847.828622986715,0.8454868445085901,0.09782784700586636,0.9986922479206168,0,0,0,0,0,0,0,0,0,,
96,ZoEaEvLYb1n2sOq,140,13616.075572847365,0.8313370337041509,0.09784545672700962,0.9988720197599456,0,0,0,0,0,0,0,0,0,,
97,adLQvlD726eNBSB,140,13839.110568036996,0.8449545588362029,0.0978260925606366,0.9986743373674973,0,0,0,0,0,0,0,0,0,,
98,bvBOhCH3iADSZry,140,12539.969386843994,0.7656347746474577,0.0978820892741493,0.9992459893603172,0,0,0,0,0,0,0,1,0,,
99,iCRJl6heRkivqQ3,140,14088.350785931798,0.8601720583510878,0.09783396424762016,0.9987546968255571,0,0,0,0,0,0,0,0,0,,
100,ih0vzX44oOqAx2f,140,13573.148598400403,0.8287161035094187,0.09784444751254148,0.998861717022058,0,0,0,0,0,0,0,0,0,,
101,pkci93gMrogZuBj,140,14053.041758040772,0.8580162461015994,0.09783622454151275,0.9987777714209575,0,0,0,0,0,0,0,0,0,,
102,rGa61gmuvPhdLxV,140,14079.09179469031,0.8596067455138748,0.09783291177958112,0.9987439525262195,0,0,0,0,0,0,0,0,0,,
103,sjndEbLyjtCKgGv,140,13950.793185955097,0.8517734029149988,0.0978355697448081,0.9987710868172079,0,0,0,0,0,0,0,0,0,,
104,uHbuxQJl8lW7ozc,140,14236.585944821856,0.8692226380590964,0.09783167290853323,0.9987313052999995,0,0,0,0,0,0,0,0,0,,
105,wCURE6d3bPkepu2,140,13985.468078135238,0.8538904976575202,0.09783003320021487,0.9987145660581934,0,0,0,0,0,0,0,0,0,,
106,z9Y9gH1T5YWrNuG,140,13920.506950739104,0.8499242600535462,0.09783797582088269,0.9987956496548575,0,0,0,0,0,0,0,0,0,,
107,zBIq5rxdHJRwDNY,140,13950.845788484125,0.8517766145915361,0.09783699450253867,0.9987856316993069,0,0,0,0,0,0,0,0,0,,
108,zVJPv84UY57bAof,140,14183.958253296454,0.8660094252115802,0.09783196084103676,0.9987342447080312,0,0,0,0,0,0,0,0,0,,
109,YxYtjZvoooNbGkE,140,13761.23725667477,0.8401999606903398,0.09784044752512597,0.9988208824688513,0,0,0,0,0,0,0,0,0,,
110,1BY6WEcLGh8j5v7,141,12762.982123788419,0.7792509407900235,0.09768826544446352,0.9972673057636324,0,0,0,0,0,0,0,1,0,,
111,1IF53ai7Xc0U56Y,141,14107.89705437905,0.8613654665944532,0.09762711298552272,0.9966430204649711,0,0,0,0,0,0,0,0,0,,
112,3PZuoBAID5Wc2HD,141,14112.73890098348,0.8616610882199534,0.09762765695843982,0.9966485737051989,0,0,0,0,0,0,0,0,0,,
113,7JYdWkrLSPkdwr4,141,13673.248090820382,0.8348277334470244,0.09764744992802359,0.9968506336083004,0,0,0,0,0,0,0,0,0,,
114,McdE0feGgRqW7Ca,141,13782.6764288159,0.8415089412168889,0.09762322541748687,0.9966033335641602,0,0,0,0,0,0,0,0,0,,
115,VHMLBKoKgIrUVDU,141,14040.601100290341,0.8572566748539049,0.09762455027990208,0.996616858647908,0,0,0,0,0,0,0,0,0,,
116,WRmjgnKYAwPKWDb,141,13818.334941397501,0.8436860914476798,0.09764617124386937,0.9968375799431995,0,0,0,0,0,0,0,0,0,,
117,ZnxXDlPa8U1GXgE,141,13751.161450989546,0.8395847767949715,0.09763026165210763,0.9966751641643969,0,0,0,0,0,0,0,0,0,,
118,ZoEaEvLYb1n2sOq,141,13355.57082392838,0.8154317720100969,0.09764454414541746,0.996820969431364,0,0,0,0,0,0,0,0,0,,
119,adLQvlD726eNBSB,141,14286.19899107746,0.8722517900703711,0.09761460607585297,0.9965153415461876,0,0,0,0,0,0,0,0,0,,
120,bvBOhCH3iADSZry,141,12573.278135643597,0.7676684587494085,0.09771008887281751,0.9974900939511194,0,0,0,0,0,0,0,1,0,,
121,iCRJl6heRkivqQ3,141,13561.417599723509,0.8279998608894171,0.09763709723620237,0.9967449463895441,0,0,0,0,0,0,0,0,0,,
122,ih0vzX44oOqAx2f,141,13379.673387120956,0.8169033673520867,0.09764474324662593,0.9968230019899814,0,0,0,0,0,0,0,0,0,,
123,pkci93gMrogZuBj,141,13437.896912961876,0.8204582369623077,0.09764184730521465,0.9967934382785598,0,0,0,0,0,0,0,0,0,,
124,rGa61gmuvPhdLxV,141,13453.106096679026,0.8213868420959111,0.09763906873478671,0.996765072768824,0,0,0,0,0,0,0,0,0,,
125,sjndEbLyjtCKgGv,141,13465.32737476205,0.8221330189965353,0.09764102809166841,0.9967850751974632,0,0,0,0,0,0,0,0,0,,
126,uHbuxQJl8lW7ozc,141,13592.863722802087,0.8299198213465824,0.09763654269938221,0.9967392853059117,0,0,0,0,0,0,0,0,0,,
127,wCURE6d3bPkepu2,141,13539.058115507176,0.8266346901995136,0.09762696798008225,0.9966415401522203,0,0,0,0,0,0,0,0,0,,
128,z9Y9gH1T5YWrNuG,141,13527.348466736696,0.8259197511098701,0.09763973930534613,0.996771918402658,0,0,0,0,0,0,0,0,0,,
129,zBIq5rxdHJRwDNY,141,13525.181291354967,0.8257874330169128,0.09763398626927178,0.996713187553464,0,0,0,0,0,0,0,0,0,,
130,zVJPv84UY57bAof,141,13556.618670431597,0.8277068596041973,0.09763987247117835,0.9967732778487502,0,0,0,0,0,0,0,0,0,,
131,YxYtjZvoooNbGkE,141,13529.912613926448,0.826076306536381,0.09764004348891166,0.9967750237124254,0,0,0,0,0,0,0,0,0,,
132,1BY6WEcLGh8j5v7,142,12546.4196288773,0.7660285977464817,0.09772685964967949,0.9976613012847804,0,0,0,0,0,0,0,1,0,0.0,0.0
133,1IF53ai7Xc0U56Y,142,13839.912681531037,0.8450035323197344,0.09769553647056352,0.9973415332726981,0,0,0,0,0,0,0,0,0,0.0,0.0
134,3PZuoBAID5Wc2HD,142,13755.92026142921,0.8398753286014522,0.09769339574876139,0.9973196793493606,0,0,0,0,0,0,0,0,0,0.0,0.0
135,7JYdWkrLSPkdwr4,142,13400.614835586193,0.8181819590840007,0.09769500606981385,0.9973361185862546,0,0,0,0,0,0,0,0,0,0.0,0.0
136,McdE0feGgRqW7Ca,142,14017.13444398946,0.8558239051593071,0.09766964978933956,0.9970772646758311,0,0,0,0,0,0,0,0,0,0.0,0.0
137,VHMLBKoKgIrUVDU,142,13583.724326587308,0.8293618104499483,0.09768424862925047,0.997226299420987,0,0,0,0,0,0,0,0,0,0.0,0.0
138,WRmjgnKYAwPKWDb,142,13594.493892633936,0.8300193522683368,0.09770832922042172,0.9974721302397581,0,0,0,0,0,0,0,0,0,0.0,0.0
139,ZnxXDlPa8U1GXgE,142,13426.229099112772,0.819745852126954,0.09768996998613579,0.9972847068677808,0,0,0,0,0,0,0,0,0,0.0,0.0
140,ZoEaEvLYb1n2sOq,142,13242.474349863262,0.8085266041613529,0.09769770832883291,0.997363705057968,0,0,0,0,0,0,0,0,0,0.0,0.0
141,adLQvlD726eNBSB,142,13881.131961814957,0.8475201983017437,0.09768243256660447,0.997207759835973,0,0,0,0,0,0,0,0,0,0.0,0.0
142,bvBOhCH3iADSZry,142,12205.070955875824,0.7451873655020169,0.09772262709331582,0.9976180925118322,0,0,0,0,0,0,0,1,0,1.0,0.0
143,iCRJl6heRkivqQ3,142,13809.562552694906,0.8431504883979245,0.09769155202985257,0.9973008574306744,0,0,0,0,0,0,0,0,0,0.0,0.0
144,ih0vzX44oOqAx2f,142,13304.150089121898,0.8122922505733803,0.09769536830914882,0.9973398165682382,0,0,0,0,0,0,0,0,0,0.0,0.0
145,pkci93gMrogZuBj,142,13778.132608015278,0.8412315157218656,0.09768367837587506,0.9972204778922219,0,0,0,0,0,0,0,0,0,0.0,0.0
146,rGa61gmuvPhdLxV,142,13868.49591710801,0.8467486975952278,0.09769339892680073,0.9973197117929168,0,0,0,0,0,0,0,0,0,0.0,0.0
147,sjndEbLyjtCKgGv,142,13502.569880480914,0.8244068808054235,0.0976829748452557,0.9972132957799988,0,0,0,0,0,0,0,0,0,0.0,0.0
148,uHbuxQJl8lW7ozc,142,14208.099846120673,0.8674834035293417,0.09768276838389381,0.9972111880840009,0,0,0,0,0,0,0,0,0,0.0,0.0
149,wCURE6d3bPkepu2,142,13284.040511370256,0.8110644491685151,0.09768880227296095,0.9972727860688345,0,0,0,0,0,0,0,0,0,0.0,0.0
150,z9Y9gH1T5YWrNuG,142,13942.88260284322,0.8512904178827908,0.09768555882312022,0.9972396747583887,0,0,0,0,0,0,0,0,0,0.0,0.0
151,zBIq5rxdHJRwDNY,142,13838.55762484342,0.8449207985833389,0.09769722250569252,0.9973587454496455,0,0,0,0,0,0,0,0,0,0.0,0.0
152,zVJPv84UY57bAof,142,13931.891922433217,0.8506193758045092,0.09767348986715858,0.9971164667646703,0,0,0,0,0,0,0,0,0,0.0,0.0
153,YxYtjZvoooNbGkE,142,13437.413951443288,0.820428749479361,0.09768676270340554,0.9972519647754459,0,0,0,0,0,0,0,0,0,0.0,0.0
154,1BY6WEcLGh8j5v7,143,13286.477063885866,0.8112132142315432,0.09773435984491699,0.9977378683060409,0,0,0,0,0,0,0,0,0,0.0,0.0
155,1IF53ai7Xc0U56Y,143,13735.766708000705,0.8386448422372856,0.09770902193051752,0.9974792018888222,0,0,0,0,0,0,0,0,0,0.0,0.0
156,3PZuoBAID5Wc2HD,143,13659.861862170968,0.8340104298445032,0.09769890939075519,0.9973759663032858,0,0,0,0,0,0,0,0,0,0.0,0.0
157,7JYdWkrLSPkdwr4,143,13544.319075405017,0.8269559010192178,0.09770289931571731,0.9974166981322221,0,0,0,0,0,0,0,0,0,0.0,0.0
158,McdE0feGgRqW7Ca,143,13508.439439670787,0.824765249991901,0.09770920770720774,0.9974810984218244,0,0,0,0,0,0,0,0,0,0.0,0.0
159,VHMLBKoKgIrUVDU,143,13789.499917024308,0.8419255530678106,0.09768325172178387,0.9972161223212217,0,0,0,0,0,0,0,0,1,0.0,0.0
160,WRmjgnKYAwPKWDb,143,13526.031494379982,0.8258393426333864,0.09769543587444993,0.9973405063201289,0,0,0,0,0,0,0,0,0,0.0,0.0
161,ZnxXDlPa8U1GXgE,143,14083.41258134001,0.8598705535353134,0.09769295511502049,0.997315181064724,0,0,0,0,0,0,0,0,0,0.0,0.0
162,ZoEaEvLYb1n2sOq,143,13304.871114633681,0.8123362731852543,0.09771848153843374,0.9975757719083356,0,0,0,0,0,0,0,0,0,0.0,0.0
163,adLQvlD726eNBSB,143,13998.301394295946,0.8546740428818803,0.09770429698171544,0.9974309664437534,0,0,0,0,0,0,0,0,0,0.0,0.0
164,bvBOhCH3iADSZry,143,13015.200235019547,0.7946502572315012,0.0977180089238948,0.9975709471422721,0,0,0,0,0,0,0,0,0,0.0,0.0
165,iCRJl6heRkivqQ3,143,13571.243361120165,0.8285997781922904,0.09770573555798381,0.9974456523947504,0,0,0,0,0,0,0,0,0,0.0,0.0
166,ih0vzX44oOqAx2f,143,13689.220301960362,0.8358029256424384,0.0977232946189069,0.997624907060588,0,0,0,0,0,0,0,0,0,0.0,0.0
167,pkci93gMrogZuBj,143,13594.8614281223,0.8300417923510935,0.09770028824451452,0.9973900425668712,0,0,0,0,0,0,0,0,0,0.0,0.0
168,rGa61gmuvPhdLxV,143,12306.769229566402,0.7513966099153893,0.09770965469490804,0.9974856615719382,0,0,0,1,0,0,0,1,0,0.0,0.0
169,sjndEbLyjtCKgGv,143,13340.26689740309,0.8144973823018808,0.09770739625900675,0.9974626059441586,0,0,0,0,0,0,0,0,0,0.0,0.0
170,uHbuxQJl8lW7ozc,143,13673.045312320188,0.834815352693411,0.09770247154130991,0.9974123311242832,0,0,0,0,0,0,0,0,0,0.0,0.0
171,wCURE6d3bPkepu2,143,13622.265825787943,0.831714983025155,0.09772335252048317,0.9976254981586969,0,0,0,0,0,0,0,0,0,0.0,0.0
172,z9Y9gH1T5YWrNuG,143,13332.186501808648,0.81400402927452,0.09773692091903444,0.9977640134676257,0,0,0,0,0,0,0,0,0,0.0,0.0
173,zBIq5rxdHJRwDNY,143,13484.103659699262,0.8232794154703339,0.09770073571508292,0.9973946106464264,0,0,0,0,0,0,0,0,0,0.0,0.0
174,zVJPv84UY57bAof,143,13702.356506250191,0.8366049638692397,0.0977141502137081,0.9975315548417323,0,0,0,0,0,0,0,0,0,0.0,0.0
175,YxYtjZvoooNbGkE,143,13549.194678220618,0.8272535836488827,0.0977178181552954,0.9975689996485144,0,0,0,0,0,0,0,0,0,0.0,0.0
176,1BY6WEcLGh8j5v7,144,12651.44749568338,0.7724411323112103,0.09773470759177308,0.9977414183390841,0,0,0,0,0,0,0,1,0,0.0,0.0
177,1IF53ai7Xc0U56Y,144,14001.838637616898,0.8548900112315122,0.09769071848071473,0.9972923480022479,0,0,0,0,0,0,0,0,0,0.0,0.0
178,3PZuoBAID5Wc2HD,144,13914.983640479672,0.8495870312872443,0.09769740170410073,0.9973605748271346,0,0,0,0,0,0,0,0,0,0.0,0.0
179,7JYdWkrLSPkdwr4,144,13400.168509161971,0.8181547083770263,0.0977003327516991,0.99739049692605,0,0,0,0,0,0,0,0,0,0.0,0.0
180,McdE0feGgRqW7Ca,144,13789.975327188424,0.8419545794986286,0.09769230438291056,0.9973085379550825,0,0,0,0,0,0,0,0,0,0.0,0.0
181,VHMLBKoKgIrUVDU,144,13790.950043611647,0.8420140913495764,0.0976958465937058,0.997344699217647,0,0,0,0,0,0,0,0,0,0.0,0.0
182,WRmjgnKYAwPKWDb,144,13555.960333649644,0.8276666644874355,0.09770370223980097,0.997424894919564,0,0,0,0,0,0,0,0,0,0.0,0.0
183,ZnxXDlPa8U1GXgE,144,13544.752682785711,0.8269823751579467,0.09769964088251472,0.9973834338615732,0,0,0,0,0,0,0,0,0,0.0,0.0
184,ZoEaEvLYb1n2sOq,144,13379.738789997384,0.8169073605609224,0.09769981686472161,0.9973852304059231,0,0,0,0,0,0,0,0,0,0.0,0.0
185,adLQvlD726eNBSB,144,14026.43910842802,0.8563920065988576,0.0976864080617223,0.9972483443553847,0,0,0,0,0,0,0,0,0,0.0,0.0
186,bvBOhCH3iADSZry,144,12434.639169252547,0.7592037798881084,0.09774756119518908,0.9978726365400596,0,0,0,0,0,0,0,1,0,0.0,0.0
187,iCRJl6heRkivqQ3,144,13867.280659415763,0.8466744993639053,0.09769096255203809,0.9972948396459469,0,0,0,0,0,0,0,0,0,0.0,0.0
188,ih0vzX44oOqAx2f,144,13244.065943496396,0.8086237797919341,0.09771008361008403,0.9974900402256077,0,0,0,0,0,0,0,0,0,0.0,0.0
189,pkci93gMrogZuBj,144,13730.997141618658,0.8383536337207866,0.09770159508815747,0.9974033837029118,0,0,0,0,0,0,0,0,0,0.0,0.0
190,rGa61gmuvPhdLxV,144,12836.738560960934,0.783754180902605,0.09768544664651027,0.997238529584349,0,0,0,0,0,0,0,0,0,0.0,0.0
191,sjndEbLyjtCKgGv,144,13613.38648405923,0.8311728498991673,0.09769870692644098,0.9973738994118303,0,0,0,0,0,0,0,0,0,0.0,0.0
192,uHbuxQJl8lW7ozc,144,13794.172795581226,0.8422108582556075,0.09770352600791679,0.997423095826341,0,0,0,0,0,0,0,0,0,0.0,0.0
193,wCURE6d3bPkepu2,144,13515.63124474434,0.8252043496329715,0.09769884533667861,0.9973753123963289,0,0,0,0,0,0,0,0,0,0.0,0.0
194,z9Y9gH1T5YWrNuG,144,13501.55361709872,0.8243448322818899,0.09770421578100488,0.9974301374924615,0,0,0,0,0,0,0,0,0,0.0,0.0
195,zBIq5rxdHJRwDNY,144,13760.780297436342,0.8401720607910064,0.09769094189328766,0.9972946287475725,0,0,0,0,0,0,0,0,0,0.0,0.0
196,zVJPv84UY57bAof,144,13754.16455998407,0.839768133277538,0.09769446552704959,0.9973306003633267,0,0,0,0,0,0,0,0,0,0.0,0.0
197,YxYtjZvoooNbGkE,144,13600.283623610763,0.8303728474990638,0.09769399554387717,0.9973258024600168,0,0,0,0,0,0,0,0,0,0.0,0.0
198,1BY6WEcLGh8j5v7,145,13294.472946039983,0.8117014072440076,0.09770633078967782,0.9974517289189376,0,0,1,0,0,0,0,0,0,0.0,0.0
199,1IF53ai7Xc0U56Y,145,14244.153052896152,0.8696846520326931,0.09766233155073557,0.9970025551898726,0,0,1,0,0,0,0,0,0,0.0,0.0
200,3PZuoBAID5Wc2HD,145,14470.511420165816,0.883505087487336,0.09765453296863047,0.9969229420354231,0,0,1,0,0,0,0,0,0,0.0,0.0
201,7JYdWkrLSPkdwr4,145,14071.754904438407,0.8591587876169025,0.09766567014581112,0.9970366378066626,0,0,1,0,0,0,0,0,0,0.0,0.0
202,McdE0feGgRqW7Ca,145,13275.780830315913,0.8105601497681244,0.09765961620675938,0.9969748351381443,0,0,1,0,0,0,0,0,0,0.0,0.0
203,VHMLBKoKgIrUVDU,145,14806.058376739014,0.9039920927226988,0.09766184567322124,0.9969975950264646,0,0,1,0,0,0,0,0,0,0.0,0.0
204,WRmjgnKYAwPKWDb,145,14356.939950819042,0.8765709185386523,0.09766802427272639,0.997060670312466,0,0,1,0,0,0,0,0,0,0.0,0.0
205,ZnxXDlPa8U1GXgE,145,13951.767008785551,0.8518328602071452,0.09767251270415386,0.9971064912296091,0,0,1,0,0,0,0,0,0,0.0,0.0
206,ZoEaEvLYb1n2sOq,145,12876.23115082986,0.7861654228452098,0.09766762058256917,0.9970565491726995,0,0,1,0,0,0,0,0,0,0.0,0.0
207,adLQvlD726eNBSB,145,14937.27810740476,0.9120037860385508,0.09765428087530473,0.9969203684977457,0,0,1,0,1,0,0,0,0,0.0,0.0
208,bvBOhCH3iADSZry,145,13144.175799742752,0.8025249317530737,0.09773410712963437,0.9977352884190108,0,0,1,0,0,0,0,0,0,0.0,0.0
209,iCRJl6heRkivqQ3,145,13005.387511653464,0.7940511359728041,0.0976603133012811,0.9969819515463677,0,0,1,0,0,0,0,0,0,0.0,0.0
210,ih0vzX44oOqAx2f,145,13088.389609339169,0.7991188750076005,0.09768697627976461,0.997254145106105,0,0,1,0,0,0,0,0,0,0.0,0.0
211,pkci93gMrogZuBj,145,13224.49862144774,0.8074290861092769,0.09767197062869694,0.9971009573599269,0,0,1,0,0,0,0,0,0,0.0,0.0
212,rGa61gmuvPhdLxV,145,12949.235187857501,0.7906227247503208,0.09767407395065186,0.9971224294805506,0,0,1,0,0,0,0,0,0,0.0,0.0
213,sjndEbLyjtCKgGv,145,13111.09770245072,0.800505330206636,0.09767351629559227,0.9971167365638396,0,0,1,0,0,0,0,0,0,0.0,0.0
214,uHbuxQJl8lW7ozc,145,13507.740436307782,0.824722571954515,0.09767271265836386,0.9971085324962379,0,0,1,0,0,0,0,0,0,0.0,0.0
215,wCURE6d3bPkepu2,145,13208.884002043149,0.8064757268752758,0.09766536702655543,0.9970335433620835,0,0,1,0,0,0,0,0,0,0.0,0.0
216,z9Y9gH1T5YWrNuG,145,12990.368394402356,0.7931341354525301,0.09766616611456957,0.9970417009882561,0,0,1,0,0,0,0,0,0,0.0,0.0
217,zBIq5rxdHJRwDNY,145,12591.247344097812,0.7687655787216365,0.09777041727423397,0.9981059667181081,0,0,1,1,0,0,0,0,0,0.0,0.0
218,zVJPv84UY57bAof,145,13180.871193158971,0.8047653893173723,0.0976679514234431,0.9970599266181427,0,0,1,0,0,0,0,0,0,0.0,0.0
219,YxYtjZvoooNbGkE,145,13389.776250127288,0.8175202032471777,0.0976606302298657,0.9969851869658344,0,0,1,0,0,0,0,0,0,0.0,0.0
220,1BY6WEcLGh8j5v7,146,13043.846913614021,0.7963992960555584,0.09772120142469565,0.9976035383307615,0,0,1,0,0,0,0,0,0,0.0,0.0
221,1IF53ai7Xc0U56Y,146,14215.966967218832,0.8679637349642361,0.09763253469017218,0.9966983688608486,0,0,1,0,0,0,0,0,0,0.0,0.0
222,3PZuoBAID5Wc2HD,146,14319.953276599494,0.8743126766636161,0.0976353951322786,0.9967275701715669,0,0,1,0,0,0,0,0,0,0.0,0.0
223,7JYdWkrLSPkdwr4,146,13748.563384763152,0.8394261504228966,0.0976562244904116,0.9969402102237939,0,0,1,0,0,0,0,0,0,0.0,0.0
224,McdE0feGgRqW7Ca,146,13769.89043417272,0.8407282852339847,0.09762700451266201,0.9966419131012867,0,0,1,0,0,0,0,0,0,0.0,0.0
225,VHMLBKoKgIrUVDU,146,14232.102947532745,0.8689489261772481,0.0976374612198852,0.9967486621790002,0,0,1,0,0,0,0,0,0,0.0,0.0
226,WRmjgnKYAwPKWDb,146,14140.80391731216,0.8633746133322897,0.09765578041422844,0.9969356767963989,0,0,1,0,0,0,0,0,0,0.0,0.0
227,ZnxXDlPa8U1GXgE,146,13993.270206763946,0.854366860941204,0.09763955364245207,0.9967700230313634,0,0,1,0,0,0,0,0,0,0.0,0.0
228,ZoEaEvLYb1n2sOq,146,13248.57195839112,0.8088988970264386,0.09765932759967244,0.9969718888435132,1,1,1,0,0,0,0,0,0,0.0,0.0
229,adLQvlD726eNBSB,146,14440.041647492122,0.8816447386447737,0.09762352610584965,0.9966064031925548,0,0,1,0,0,0,0,0,0,0.0,0.0
230,bvBOhCH3iADSZry,146,12776.079326910138,0.7800505977789098,0.0977661948346303,0.9980628612238286,0,0,1,0,0,0,0,0,0,0.0,0.0
231,iCRJl6heRkivqQ3,146,13422.440957645338,0.8195145650520593,0.09763469627065012,0.9967204357235329,0,0,1,0,0,0,0,0,0,0.0,0.0
232,ih0vzX44oOqAx2f,146,12279.588128821653,0.7497370527584787,0.09766214976361717,0.9970006993850944,0,0,1,1,0,0,0,1,0,0.0,0.0
233,pkci93gMrogZuBj,146,13382.33613693753,0.8170659430165771,0.09764212562539573,0.9967962795575596,0,0,1,0,0,0,0,0,0,0.0,0.0
234,rGa61gmuvPhdLxV,146,13314.000245309531,0.8128936573137246,0.09764922137685887,0.9968687177456246,0,0,1,0,0,0,0,0,0,0.0,0.0
235,sjndEbLyjtCKgGv,146,13348.051280555339,0.8149726621256733,0.09764810680762814,0.9968573394756884,0,0,1,0,0,0,0,0,0,0.0,0.0
236,uHbuxQJl8lW7ozc,146,13427.97956234338,0.8198527276287795,0.0976358129957355,0.9967318360018785,0,0,1,0,0,0,0,0,0,0.0,0.0
237,wCURE6d3bPkepu2,146,13641.66320022646,0.8328993004623704,0.09763288857643697,0.9967019815690918,0,0,1,0,0,0,0,0,0,0.0,0.0
238,z9Y9gH1T5YWrNuG,146,13711.988263667741,0.8371930361517431,0.0976408744338836,0.9967835065557806,0,0,1,0,0,0,0,0,0,0.0,0.0
239,zBIq5rxdHJRwDNY,146,12737.900144424731,0.7777195466513763,0.09769006655547441,0.9972856927123314,0,0,1,0,0,0,0,0,0,0.0,0.0
240,zVJPv84UY57bAof,146,13489.497430524783,0.8236087351347687,0.09763724125304683,0.996746416610044,0,0,1,0,0,0,0,0,0,0.0,0.0
241,YxYtjZvoooNbGkE,146,13470.48786537039,0.8224480956081365,0.09764627732053299,0.9968386628448975,0,0,1,0,0,0,0,0,0,0.0,0.0
242,1BY6WEcLGh8j5v7,147,13032.169398843367,0.7956863189250677,0.0977342089239631,0.9977363276037634,0,0,0,0,0,0,0,0,0,0.0,0.0
243,1IF53ai7Xc0U56Y,147,14466.430899932453,0.8832559490649893,0.0976952280172136,0.997338384374109,0,0,0,0,0,0,0,0,0,0.0,0.0
244,3PZuoBAID5Wc2HD,147,14300.129022004867,0.8731022958220939,0.09771280878180703,0.9975178606055641,0,0,0,0,0,0,0,0,0,0.0,0.0
245,7JYdWkrLSPkdwr4,147,13834.59044082353,0.844678579966263,0.09770188526908251,0.9974063460643375,0,0,1,0,0,0,0,0,0,0.0,0.0
246,McdE0feGgRqW7Ca,147,13663.54883361276,0.8342355399274617,0.09769957538176054,0.9973827651859616,0,0,0,0,0,0,0,0,0,0.0,0.0
247,VHMLBKoKgIrUVDU,147,14328.111465251568,0.8748107793891869,0.0976989557422794,0.9973764394907199,0,0,1,0,0,0,0,0,0,0.0,0.0
248,WRmjgnKYAwPKWDb,147,13931.470743180533,0.8505936604720178,0.09772259081234687,0.9976177221313777,0,0,0,0,0,0,0,0,0,0.0,0.0
249,ZnxXDlPa8U1GXgE,147,14184.066655218636,0.8660160437509642,0.09769795287204538,0.9973662015190274,0,0,1,0,0,0,0,0,0,0.0,0.0
250,ZoEaEvLYb1n2sOq,147,13580.788383115345,0.8291825547955531,0.09771295751414878,0.9975193789650217,0,0,1,0,0,0,0,0,0,0.0,0.0
251,adLQvlD726eNBSB,147,14374.221559865135,0.8776260567482744,0.0976916334420082,0.9973016885405394,0,0,0,0,0,0,0,0,0,0.0,0.0
252,bvBOhCH3iADSZry,147,13072.085130392425,0.7981233960172585,0.09774742960330068,0.9978712931618411,0,0,0,0,0,0,0,0,0,0.0,0.0
253,iCRJl6heRkivqQ3,147,13505.399055549764,0.8245796176558459,0.09770285379875487,0.9974162334645541,0,0,1,0,0,0,0,0,0,0.0,0.0
254,ih0vzX44oOqAx2f,147,13687.72246404504,0.8357114743191235,0.09771581991128309,0.9975486002339753,0,0,0,0,0,0,0,0,0,0.0,0.0
255,pkci93gMrogZuBj,147,13548.878815887654,0.8272342984992418,0.09771422152288797,0.9975322828136474,0,0,1,0,0,0,0,0,0,0.0,0.0
256,rGa61gmuvPhdLxV,147,13571.655038736431,0.828624913397109,0.09772276397043309,0.9976194898452103,0,0,1,0,0,0,0,0,0,0.0,0.0
257,sjndEbLyjtCKgGv,147,13456.483403471037,0.821593045432207,0.09772872154568688,0.9976803087674749,0,0,0,0,0,0,0,0,0,0.0,0.0
258,uHbuxQJl8lW7ozc,147,13324.213234500685,0.8135172170240099,0.09773728584843203,0.997767738911572,0,0,0,0,0,0,0,0,0,0.0,0.0
259,wCURE6d3bPkepu2,147,13503.884541434136,0.8244871481578872,0.0977056884013868,0.9974451709885933,0,0,1,0,0,0,0,0,0,0.0,0.0
260,z9Y9gH1T5YWrNuG,147,13194.75404006458,0.8056130142225169,0.09770679965944404,0.9974565154558506,0,0,0,0,0,0,0,0,0,0.0,0.0
261,zBIq5rxdHJRwDNY,147,13103.575796392042,0.8000460760671325,0.09773348028472269,0.9977288891659033,0,0,0,0,0,0,0,0,0,0.0,0.0
262,zVJPv84UY57bAof,147,13455.527054005286,0.821534654986018,0.0977344161980339,0.9977384435964386,0,0,0,0,0,0,0,0,0,0.0,0.0
263,YxYtjZvoooNbGkE,147,13641.276853437006,0.8328757118452093,0.0977058603768322,0.9974469266292356,0,0,1,0,0,0,0,0,0,0.0,0.0
264,1BY6WEcLGh8j5v7,148,12500.174854598468,0.7632050974458555,0.0978449830538138,0.998867184186403,0,0,0,0,0,0,1,1,0,0.0,0.0
265,1IF53ai7Xc0U56Y,148,13931.289007897232,0.850582564523664,0.09785170894168527,0.9989358465589605,0,0,0,0,0,0,1,0,0,0.0,0.0
266,3PZuoBAID5Wc2HD,148,13588.114030616736,0.8296298262601677,0.09782578985138689,0.9986712471085342,0,0,0,0,0,0,1,0,0,0.0,0.0
267,7JYdWkrLSPkdwr4,148,13341.367520164818,0.814564581434044,0.09779749143220219,0.998382357873688,0,0,0,0,0,0,1,0,0,0.0,0.0
268,McdE0feGgRqW7Ca,148,13603.400788338267,0.8305631677175633,0.09779074111894367,0.9983134461504043,0,0,0,0,0,0,0,0,0,0.0,0.0
269,VHMLBKoKgIrUVDU,148,13712.872334217107,0.8372470135686694,0.09779016071638993,0.9983075210120226,0,0,0,0,0,0,1,0,0,0.0,0.0
270,WRmjgnKYAwPKWDb,148,13338.504734261584,0.8143897924555169,0.09783114566713057,0.9987259228662883,0,0,0,0,0,0,1,0,0,0.0,0.0
271,ZnxXDlPa8U1GXgE,148,13617.362821822055,0.8314156274030866,0.09779260718932654,0.9983324962479223,0,0,0,0,0,0,1,0,0,0.0,0.0
272,ZoEaEvLYb1n2sOq,148,13572.26499070724,0.8286621543524342,0.09779606229061404,0.9983677682382319,0,0,0,0,0,0,1,0,0,0.0,0.0
273,adLQvlD726eNBSB,148,13898.689323768056,0.8485921727577953,0.09782268579528582,0.9986395588228351,0,0,0,0,0,0,1,0,0,0.0,0.0
274,bvBOhCH3iADSZry,148,12389.930375292606,0.7564740597163677,0.09785224712851098,0.9989413407308882,0,0,0,0,0,0,1,1,0,0.0,0.0
275,iCRJl6heRkivqQ3,148,13647.972585549673,0.8332845234769632,0.09780738164700933,0.9984833238170311,0,0,0,0,0,0,1,0,0,0.0,0.0
276,ih0vzX44oOqAx2f,148,13320.504371478177,0.813290770338469,0.09782559465188022,0.9986692543811045,0,0,0,0,0,0,1,0,0,0.0,0.0
277,pkci93gMrogZuBj,148,13400.530328215811,0.8181767994397079,0.09783092879530486,0.9987237088932964,0,0,0,0,0,0,1,0,0,0.0,0.0
278,rGa61gmuvPhdLxV,148,13311.5571820329,0.8127444947325771,0.09782904308321504,0.9987044582800656,0,0,0,0,0,0,1,0,0,0.0,0.0
279,sjndEbLyjtCKgGv,148,13377.038809666874,0.8167425117667881,0.09781012102241254,0.9985112891976774,0,0,0,0,0,0,1,0,0,0.0,0.0
280,uHbuxQJl8lW7ozc,148,13521.45720235258,0.8255600567007392,0.09782595941378568,0.9986729781151789,1,1,0,0,0,0,1,0,0,0.0,0.0
281,wCURE6d3bPkepu2,148,13342.314337008456,0.8146223898607113,0.09778159861908627,0.9982201133825508,0,0,0,0,0,0,0,0,0,0.0,0.0
282,z9Y9gH1T5YWrNuG,148,13158.78065522111,0.803416639291424,0.09778730268588028,0.9982783443205009,0,0,0,0,0,0,0,0,0,0.0,0.0
283,zBIq5rxdHJRwDNY,148,12912.364809618206,0.7883715833907553,0.09782349527640063,0.998647822548747,1,1,0,0,0,0,1,0,0,0.0,0.0
284,zVJPv84UY57bAof,148,13590.014784106224,0.829745877816969,0.09780193450204791,0.9984277157093933,0,0,0,0,0,0,0,0,0,0.0,0.0
285,YxYtjZvoooNbGkE,148,13870.424826903054,0.8468664682508558,0.09781375337538281,0.9985483706919978,0,0,0,0,0,0,1,0,0,0.0,0.0
286,1BY6WEcLGh8j5v7,149,12516.357246502983,0.7641931223442312,0.0976980320653204,0.9973670099770715,0,0,0,0,0,0,0,1,0,0.0,0.0
287,1IF53ai7Xc0U56Y,149,13815.86016025948,0.843534992314942,0.09767218600614716,0.997103156077332,0,0,0,0,0,0,0,0,0,0.0,0.0
288,3PZuoBAID5Wc2HD,149,13660.352733848791,0.8340404002866022,0.09766556303441447,0.997035544341716,0,0,0,0,0,0,0,0,0,0.0,0.0
289,7JYdWkrLSPkdwr4,149,13424.143126355939,0.8196184919052237,0.09767832812051071,0.9971658588985476,0,0,0,0,0,0,0,0,0,0.0,0.0
290,McdE0feGgRqW7Ca,149,13757.497730219238,0.8399716418319163,0.09766724619522615,0.9970527271757054,0,0,0,0,0,0,0,0,0,0.0,0.0
291,VHMLBKoKgIrUVDU,149,13761.153481992209,0.8401948457807076,0.09767223068217817,0.9971036121602083,0,0,0,0,0,0,0,0,0,0.0,0.0
292,WRmjgnKYAwPKWDb,149,13377.907006088813,0.8167955199800744,0.09768014810766784,0.9971844385476023,0,0,0,0,0,0,0,0,0,0.0,0.0
293,ZnxXDlPa8U1GXgE,149,13643.761862943042,0.8330274354766198,0.09767269987076793,0.9971084019518857,0,0,0,0,0,0,0,0,0,0.0,0.0
294,ZoEaEvLYb1n2sOq,149,13171.533507081644,0.8041952717233816,0.09768444392051692,0.9972282930851619,0,0,0,0,0,0,0,0,0,0.0,0.0
295,adLQvlD726eNBSB,149,13930.34924142411,0.8505251865612724,0.0976600804835073,0.9969795747864473,0,0,0,0,0,0,0,0,0,0.0,0.0
296,bvBOhCH3iADSZry,149,12301.432718234106,0.7510707862610195,0.09771740488724485,0.9975647807311916,0,0,0,0,0,0,0,1,0,0.0,0.0
297,iCRJl6heRkivqQ3,149,13263.387723635782,0.8098034817773574,0.09767986403806604,0.9971815385746614,0,0,0,0,0,0,0,0,0,0.0,0.0
298,ih0vzX44oOqAx2f,149,13258.781429588795,0.809522241943684,0.09767665265571662,0.9971487546306655,0,0,0,0,0,0,0,0,0,0.0,0.0
299,pkci93gMrogZuBj,149,13697.688178628236,0.8363199365412969,0.09769404048306096,0.997326261229333,0,0,0,0,0,0,0,0,0,0.0,0.0
300,rGa61gmuvPhdLxV,149,13700.277365313243,0.8364780207680556,0.0976942004539495,0.9973278943194107,0,0,0,0,0,0,0,0,0,0.0,0.0
301,sjndEbLyjtCKgGv,149,13394.359070250652,0.817800009867446,0.09768428641923928,0.9972266852065278,0,0,0,0,0,0,0,0,0,0.0,0.0
302,uHbuxQJl8lW7ozc,149,13790.852475151843,0.8420081342532367,0.09768401305782384,0.9972238945499322,0,0,0,0,0,0,0,0,0,0.0,0.0
303,wCURE6d3bPkepu2,149,13555.624496228684,0.8276461597477363,0.09766671119617809,0.997047265546749,0,0,0,0,0,0,0,0,0,0.0,0.0
304,z9Y9gH1T5YWrNuG,149,13531.382764554979,0.8261660673970697,0.09766263002162252,0.9970056021807873,0,0,0,0,0,0,0,0,0,0.0,0.0
305,zBIq5rxdHJRwDNY,149,12784.91678100724,0.7805901734323553,0.09771215847203024,0.9975112218073824,0,0,0,0,0,0,0,0,0,0.0,0.0
306,zVJPv84UY57bAof,149,13665.24317506546,0.8343389888830607,0.09767408445854894,0.9971225367522087,0,0,0,0,0,0,0,0,0,0.0,0.0
307,YxYtjZvoooNbGkE,149,13301.514584026592,0.812131338350433,0.09767748736038363,0.9971572758555085,0,0,0,0,0,0,0,0,0,0.0,0.0
308,1BY6WEcLGh8j5v7,150,12750.413364033278,0.7784835482034977,0.09772876304585137,0.9976807324289766,0,0,0,0,0,0,0,1,0,0.0,0.0
309,1IF53ai7Xc0U56Y,150,14052.456039614957,0.8579804847387826,0.09769007999503358,0.9972858299123616,0,0,0,0,0,0,0,0,0,0.0,0.0
310,3PZuoBAID5Wc2HD,150,13965.676409005873,0.852682106339623,0.09768778642455594,0.9972624156072717,0,0,0,0,0,0,0,0,0,0.0,0.0
311,7JYdWkrLSPkdwr4,150,13577.541662410635,0.8289843244651265,0.09769386759652277,0.9973244962876446,0,0,0,0,0,0,0,0,0,0.0,0.0
312,McdE0feGgRqW7Ca,150,13985.022164222082,0.8538632721366374,0.09769361957138885,0.9973219642807967,0,0,0,0,0,0,0,0,0,0.0,0.0
313,VHMLBKoKgIrUVDU,150,13835.223728022907,0.8447172456668901,0.0976843754492441,0.9972275940845046,0,0,0,0,0,0,0,0,0,0.0,0.0
314,WRmjgnKYAwPKWDb,150,13648.52630654371,0.8333183312188651,0.09769814683244467,0.9973681815968181,0,0,0,0,0,0,0,0,0,0.0,0.0
315,ZnxXDlPa8U1GXgE,150,13718.978222070138,0.8376198119325381,0.09769218911453656,0.9973073612182426,0,0,0,0,0,0,0,0,0,0.0,0.0
316,ZoEaEvLYb1n2sOq,150,13634.470457577905,0.832460143577139,0.09769704037079698,0.9973568860945251,0,0,0,0,0,0,0,0,0,0.0,0.0
317,adLQvlD726eNBSB,150,14221.675215439123,0.8683122552201434,0.09768725190898087,0.9972569589139317,0,0,0,0,0,0,0,0,0,0.0,0.0
318,bvBOhCH3iADSZry,150,12496.127405712425,0.7629579782129319,0.09776434164205329,0.9980439425915862,0,0,0,0,0,0,0,1,0,0.0,0.0
319,iCRJl6heRkivqQ3,150,14012.930781237184,0.8555672482022806,0.09768525368149876,0.997236559668144,0,0,0,0,0,0,0,0,0,0.0,0.0
320,ih0vzX44oOqAx2f,150,13526.626601866954,0.8258756772505312,0.09770538516462203,0.9974420753444028,0,0,0,0,0,0,0,0,0,0.0,0.0
321,pkci93gMrogZuBj,150,14173.191748155747,0.8653520702784976,0.09768972747133803,0.9972822311141386,0,0,0,0,0,0,0,0,0,0.0,0.0
322,rGa61gmuvPhdLxV,150,14101.283371834461,0.8609616645445114,0.09769038877339341,0.9972889821288696,0,0,0,0,0,0,0,0,0,0.0,0.0
323,sjndEbLyjtCKgGv,150,13879.55224307415,0.8474237476992891,0.09770180698210086,0.9974055468583438,0,0,0,0,1,0,0,0,0,0.0,0.0
324,uHbuxQJl8lW7ozc,150,14184.464932356637,0.8660403607821621,0.09767398689463905,0.9971215407544077,0,0,0,0,1,0,0,0,0,0.0,0.0
325,wCURE6d3bPkepu2,150,13811.875931340823,0.8432917330121338,0.09768813528377343,0.9972659769960458,0,0,0,0,0,0,0,0,0,0.0,0.0
326,z9Y9gH1T5YWrNuG,150,13801.813243054745,0.8426773500068339,0.09770094954429286,0.9973967935583568,0,0,0,0,0,0,0,0,0,0.0,0.0
327,zBIq5rxdHJRwDNY,150,13614.009699566921,0.8312109006670813,0.09771748830230023,0.997565632288,0,0,0,0,0,0,0,0,0,0.0,0.0
328,zVJPv84UY57bAof,150,14237.603099162488,0.8692847409805907,0.09768705805407124,0.9972549799130502,0,0,0,0,0,0,0,0,0,0.0,0.0
329,YxYtjZvoooNbGkE,150,13884.856914623126,0.8477476273580576,0.0977019308470037,0.9974068113543133,0,0,0,0,0,0,0,0,0,0.0,0.0
330,1BY6WEcLGh8j5v7,151,13355.580280132008,0.8154323493638456,0.09780205968682901,0.9984289936795651,0,0,0,0,0,0,0,1,0,0.0,0.0
331,1IF53ai7Xc0U56Y,151,14359.620215210578,0.8767345635652153,0.09775399685836733,0.9979383361043765,0,0,0,0,0,0,0,0,0,0.0,0.0
332,3PZuoBAID5Wc2HD,151,14266.356521143141,0.8710402970811978,0.09776207074934248,0.9980207597963439,0,0,0,0,0,0,0,0,0,0.0,0.0
333,7JYdWkrLSPkdwr4,151,14044.939002758332,0.8575215278911067,0.09776292431458095,0.9980294735625448,0,0,0,0,0,0,0,0,0,0.0,0.0
334,McdE0feGgRqW7Ca,151,14516.586480919705,0.8863182258347215,0.09776874369573653,0.9980888817068069,0,0,0,0,0,0,0,0,0,0.0,0.0
335,VHMLBKoKgIrUVDU,151,14276.253662002822,0.8716445724967108,0.09774529802753126,0.9978495326073371,0,0,0,0,0,0,0,0,0,0.0,0.0
336,WRmjgnKYAwPKWDb,151,13915.179798196838,0.849599007805284,0.09775672091273044,0.997966145077574,0,0,0,0,0,0,0,0,0,0.0,0.0
337,ZnxXDlPa8U1GXgE,151,14481.393971146501,0.8841695276634363,0.09775034331936656,0.9979010383288534,0,0,0,0,0,0,0,0,0,0.0,0.0
338,ZoEaEvLYb1n2sOq,151,14018.525698348862,0.855908848964597,0.09775167156207547,0.9979145979209054,0,0,0,0,0,0,0,0,0,0.0,0.0
339,adLQvlD726eNBSB,151,14537.319948625951,0.8875841191862306,0.09773183178102285,0.9977120601349465,0,0,0,0,0,0,0,0,0,0.0,0.0
340,bvBOhCH3iADSZry,151,13032.899516896598,0.7957308966870946,0.09781277523494365,0.9985383851786305,0,0,0,0,0,0,0,1,0,0.0,0.0
341,iCRJl6heRkivqQ3,151,14303.438613616612,0.873304364770563,0.09775252617759421,0.9979233224090716,0,0,0,0,0,0,0,0,0,0.0,0.0
342,ih0vzX44oOqAx2f,151,14126.261238577226,0.8624867020294381,0.0977627652445533,0.9980278496690589,0,0,0,0,0,0,0,0,0,0.0,0.0
343,pkci93gMrogZuBj,151,14269.269223532674,0.8712181337384359,0.09776135073335201,0.9980134093904005,0,0,0,0,0,0,0,0,0,0.0,0.0
344,rGa61gmuvPhdLxV,151,14451.22980850183,0.8823278380104207,0.09775911165681565,0.997990551395997,0,0,0,0,0,0,0,0,0,0.0,0.0
345,sjndEbLyjtCKgGv,151,14275.689967347818,0.871610155807416,0.09777206645186082,0.9981228026289637,0,0,0,0,1,0,0,0,0,0.0,0.0
346,uHbuxQJl8lW7ozc,151,14319.113044274845,0.8742613758137745,0.09774285991520382,0.9978246427221408,0,0,0,0,1,0,0,0,0,0.0,0.0
347,wCURE6d3bPkepu2,151,14461.888667223917,0.8829786205318075,0.09776208127568561,0.9980208672563116,0,0,0,0,1,0,0,0,0,0.0,0.0
348,z9Y9gH1T5YWrNuG,151,14411.891977679981,0.8799260449671296,0.097781037297556,0.9982143830360489,0,0,0,0,0,0,0,0,0,0.0,0.0
349,zBIq5rxdHJRwDNY,151,14283.680128359263,0.8720979995123466,0.09773095556377029,0.9977031151217994,0,0,0,0,1,0,0,0,0,0.0,0.0
350,zVJPv84UY57bAof,151,14401.691614926125,0.8793032561709652,0.09776310880043051,0.99803135691778,0,0,0,0,0,0,0,0,0,0.0,0.0
351,YxYtjZvoooNbGkE,151,14102.095424275762,0.8610112448559712,0.09773733851715714,0.9977682765892281,0,0,0,0,0,0,0,0,0,0.0,0.0
352,1BY6WEcLGh8j5v7,152,14666.6666214038,0.8954814519155723,0.0977014043665518,0.9974014366888976,0,0,0,0,1,0,0,0,0,0.0,0.0
353,1IF53ai7Xc0U56Y,152,12862.666272781064,0.7853372117046862,0.0978132679066543,0.9985434147017495,0,0,0,1,0,0,0,0,0,0.0,0.0
354,3PZuoBAID5Wc2HD,152,13535.843338729668,0.8264384102232506,0.09776526319324143,0.9980533504039405,0,0,0,0,0,0,0,0,0,0.0,0.0
355,7JYdWkrLSPkdwr4,152,13584.386638054451,0.8294022482433152,0.09775905583820245,0.9979899815621716,0,0,0,0,0,0,0,0,0,0.0,0.0
356,McdE0feGgRqW7Ca,152,15478.441574185063,0.9450448211602523,0.09772021389430297,0.9975934569584536,0,0,0,0,1,0,0,0,0,0.0,0.0
357,VHMLBKoKgIrUVDU,152,14723.005707864155,0.8989212660359458,0.097722117761777,0.9976128929140181,0,0,0,0,0,0,0,0,0,0.0,0.0
358,WRmjgnKYAwPKWDb,152,13557.306169954563,0.8277488352682598,0.09775768998581232,0.9979760380252791,0,0,0,0,0,0,0,0,0,0.0,0.0
359,ZnxXDlPa8U1GXgE,152,15493.321177969947,0.9459533036085935,0.09768734632165417,0.9972579227417969,0,0,0,0,1,0,0,0,0,0.0,0.0
360,ZoEaEvLYb1n2sOq,152,13484.180363170824,0.823284098643263,0.0977733068733929,0.9981354656835659,0,0,0,0,0,0,0,0,0,0.0,0.0
361,adLQvlD726eNBSB,152,13698.63808361043,0.8363779335159739,0.09776274386908632,0.9980276314539615,0,0,0,0,0,0,0,0,0,0.0,0.0
362,bvBOhCH3iADSZry,152,13934.701561418342,0.8507909198685222,0.0977705748640986,0.9981075755010976,0,0,0,0,1,0,0,0,0,0.0,0.0
363,iCRJl6heRkivqQ3,152,14087.443524018958,0.8601166649726228,0.09776159315763831,0.998015884220041,0,0,0,0,0,0,0,0,0,0.0,0.0
364,ih0vzX44oOqAx2f,152,15013.640021964515,0.9166661050157362,0.09773459932077667,0.997740313036166,0,0,0,0,0,0,0,0,0,0.0,0.0
365,pkci93gMrogZuBj,152,13604.336432514741,0.8306202939908505,0.09773645685048633,0.997759275944766,0,0,0,0,0,0,0,0,0,0.0,0.0
366,rGa61gmuvPhdLxV,152,13381.867435374726,0.8170373261831269,0.09775571638144152,0.9979558901487194,0,0,0,0,0,0,0,0,0,0.0,0.0
367,sjndEbLyjtCKgGv,152,14470.032495248488,0.8834758464613144,0.09775098661987777,0.9979076055717528,0,0,0,0,1,0,0,0,0,0.0,0.0
368,uHbuxQJl8lW7ozc,152,14343.341788353315,0.8757406751996224,0.09771205879710546,0.9975102042589261,0,0,0,0,0,0,0,0,0,0.0,0.0
369,wCURE6d3bPkepu2,152,16184.599581573628,0.9881596893209084,0.0976842752305513,0.9972265709848999,0,0,0,0,1,0,0,0,0,0.0,0.0
370,z9Y9gH1T5YWrNuG,152,16378.526422886313,1.0,0.0977067707587089,0.9974562204177707,0,0,0,0,1,0,0,0,0,0.0,0.0
371,zBIq5rxdHJRwDNY,152,13626.321693592576,0.8319626162798149,0.09777125261933657,0.9981144944809471,0,0,0,0,0,0,0,0,0,0.0,0.0
372,zVJPv84UY57bAof,152,14828.429903825147,0.9053579986966862,0.09773605777897805,0.9977552019552642,0,0,0,0,1,0,0,0,0,0.0,0.0
373,YxYtjZvoooNbGkE,152,14197.686501840755,0.8668476110281698,0.09774714351639543,0.9978683725949141,0,0,0,0,0,0,0,0,0,0.0,0.0
374,1BY6WEcLGh8j5v7,153,12217.004470201455,0.7459159728270908,0.09780631589411783,0.9984724438970132,0,0,0,0,0,0,0,1,0,0.0,0.0
375,1IF53ai7Xc0U56Y,153,14074.23457170267,0.8593101850747835,0.0977619657770818,0.9980196881691313,0,0,0,0,0,0,0,0,0,0.0,0.0
376,3PZuoBAID5Wc2HD,153,13886.179309342771,0.8478283668999127,0.0977944111225132,0.9983509120072835,0,0,0,0,0,0,0,0,0,0.0,0.0
377,7JYdWkrLSPkdwr4,153,13248.111110187983,0.8088707596842115,0.0977712358913819,0.998114323710771,0,0,0,0,0,0,0,0,0,0.0,0.0
378,McdE0feGgRqW7Ca,153,13622.26355262122,0.8317148442357021,0.0977809863044906,0.9982138624646506,0,0,0,0,0,0,0,0,0,0.0,0.0
379,VHMLBKoKgIrUVDU,153,13352.306200282657,0.8152324486056934,0.09778951649230712,0.9983009443406848,0,0,0,0,0,0,0,0,0,0.0,0.0
380,WRmjgnKYAwPKWDb,153,13422.989094587969,0.8195480318566105,0.09779530118267822,0.9983599983381616,0,0,0,0,0,0,0,0,0,0.0,0.0
381,ZnxXDlPa8U1GXgE,153,13206.672054730498,0.8063406752072844,0.09775715568532341,0.997970583527683,0,0,0,0,0,0,0,0,0,0.0,0.0
382,ZoEaEvLYb1n2sOq,153,13453.182330837833,0.82139149661469,0.09779127769142161,0.9983189238419876,0,0,0,0,0,0,0,0,0,0.0,0.0
383,adLQvlD726eNBSB,153,14299.686301419753,0.8730752652716229,0.09780079462584884,0.9984160790889581,0,0,0,0,0,0,0,0,0,0.0,0.0
384,bvBOhCH3iADSZry,153,11844.408905387845,0.7231669443007535,0.09780023962778751,0.9984104132966666,0,0,0,0,0,0,0,1,0,0.0,0.0
385,iCRJl6heRkivqQ3,153,13807.484028265266,0.8430235829379354,0.0977774513966923,0.9981777757559749,0,0,0,0,0,0,0,0,0,0.0,0.0
386,ih0vzX44oOqAx2f,153,13006.78017363313,0.7941361657211287,0.09780302010068757,0.9984387982281133,0,0,0,0,0,0,0,0,0,0.0,0.0
387,pkci93gMrogZuBj,153,13270.084983280625,0.8102123866734343,0.09786146759824252,0.9990354694674894,0,0,0,0,0,0,0,0,0,0.0,0.0
388,rGa61gmuvPhdLxV,153,13743.427674946344,0.8391125868162445,0.09779961093425699,0.9984039951716187,0,0,0,0,0,0,0,0,0,0.0,0.0
389,sjndEbLyjtCKgGv,153,13389.686707153818,0.81751473615135,0.09783007749807841,0.9987150182804827,0,0,0,0,0,0,0,0,0,0.0,0.0
390,uHbuxQJl8lW7ozc,153,13544.33737901233,0.8269570185560975,0.09785658930751402,0.9989856686052323,0,0,0,0,0,0,0,0,0,0.0,0.0
391,wCURE6d3bPkepu2,153,13161.47595454749,0.8035812022842592,0.09777048722487043,0.9981066808211014,0,0,0,0,0,0,0,0,0,0.0,0.0
392,z9Y9gH1T5YWrNuG,153,13151.217775097666,0.8029548834577077,0.09776947942185803,0.9980963924923002,0,0,0,0,0,0,0,0,0,0.0,0.0
393,zBIq5rxdHJRwDNY,153,13844.135982100877,0.8452613882745862,0.09777516780220454,0.9981544632924777,0,0,0,0,0,0,0,0,0,0.0,0.0
394,zVJPv84UY57bAof,153,13720.505143918886,0.837713038991513,0.09781501183449566,0.998561217886317,0,0,0,0,0,0,0,0,0,0.0,0.0
395,YxYtjZvoooNbGkE,153,13463.048086441788,0.8219938557860358,0.09779692729501747,0.9983765987830979,0,0,0,0,0,0,0,0,0,0.0,0.0
396,1BY6WEcLGh8j5v7,154,13265.654108116309,0.8099418571367767,0.09781355707477245,0.9985463667237634,0,0,0,0,0,0,0,1,0,0.0,0.0
397,1IF53ai7Xc0U56Y,154,13954.414017039062,0.8519944747617862,0.09776058376151289,0.9980055796276739,0,0,0,0,0,0,0,0,1,0.0,0.0
398,3PZuoBAID5Wc2HD,154,14025.97700914193,0.8563637928710681,0.09780165517420951,0.9984248641435521,0,0,0,0,0,0,0,0,0,0.0,0.0
399,7JYdWkrLSPkdwr4,154,13746.922125156623,0.8393259424088083,0.0978020000690397,0.9984283850612029,0,0,0,0,0,0,0,0,0,0.0,0.0
400,McdE0feGgRqW7Ca,154,14401.135293366864,0.8792692896501136,0.09779078563056821,0.998313900554909,0,0,0,0,0,0,0,0,0,0.0,0.0
401,VHMLBKoKgIrUVDU,154,14118.940437015355,0.8620397264363444,0.097787343998282,0.9982787660651944,0,0,0,0,0,0,0,0,0,0.0,0.0
402,WRmjgnKYAwPKWDb,154,13676.693821137618,0.8350381144195411,0.09780087093539251,0.9984168581079393,0,0,0,0,0,0,0,0,0,0.0,0.0
403,ZnxXDlPa8U1GXgE,154,14353.114317019195,0.8763373423486417,0.09779086967188058,0.9983147585049686,0,0,0,0,0,0,0,0,0,0.0,0.0
404,ZoEaEvLYb1n2sOq,154,13942.565152111758,0.8512710357526,0.09779737449802034,0.9983811641311647,0,0,0,0,0,0,0,0,0,0.0,0.0
405,adLQvlD726eNBSB,154,14186.476487426842,0.866163177390828,0.0977915945698658,0.9983221587495874,0,0,0,0,0,0,0,0,0,0.0,0.0
406,bvBOhCH3iADSZry,154,12953.708650894714,0.7908958545131402,0.09782276434134529,0.9986403606736689,0,0,0,0,0,0,0,1,0,0.0,0.0
407,iCRJl6heRkivqQ3,154,14170.590990892775,0.8651932796036945,0.09777747840470553,0.9981780514718807,0,0,0,0,0,0,0,0,0,0.0,0.0
408,ih0vzX44oOqAx2f,154,13949.53307564795,0.8516964661824374,0.09778666895996953,0.9982718748215419,0,0,0,0,0,0,0,0,0,0.0,0.0
409,pkci93gMrogZuBj,154,13986.13365478965,0.8539311348087039,0.09778070268536947,0.9982109670905184,0,0,0,0,0,0,0,0,0,0.0,0.0
410,rGa61gmuvPhdLxV,154,13938.104810329662,0.8509987071152775,0.0978014085315326,0.9984223462497522,0,0,0,0,0,0,0,0,0,0.0,0.0
411,sjndEbLyjtCKgGv,154,14124.277047365716,0.8623655561363169,0.09779437144318351,0.9983505069340842,0,0,0,0,0,0,0,0,0,0.0,0.0
412,uHbuxQJl8lW7ozc,154,14159.751529527533,0.8645314702879251,0.09778162437108774,0.9982203762762465,0,0,0,0,0,0,0,0,0,0.0,0.0
413,wCURE6d3bPkepu2,154,14233.406766559523,0.8690285315698892,0.09779924212372157,0.9984002301064154,0,0,0,0,0,0,0,0,0,0.0,0.0
414,z9Y9gH1T5YWrNuG,154,14086.12073900001,0.8600359016008278,0.09780288969007438,0.998437466909144,0,0,0,0,0,0,0,0,0,0.0,0.0
415,zBIq5rxdHJRwDNY,154,14085.74870056022,0.8600131865878782,0.09779327105070225,0.9983392733899111,0,0,0,0,0,0,0,0,0,0.0,0.0
416,zVJPv84UY57bAof,154,14154.159452676462,0.8641900429392927,0.09780108163086779,0.9984190090286053,0,0,0,0,0,0,0,0,0,0.0,0.0
417,YxYtjZvoooNbGkE,154,14070.43519963556,0.859078212309407,0.09782084929410029,0.9986208105875072,0,0,0,0,0,0,0,0,0,0.0,0.0
418,1BY6WEcLGh8j5v7,155,12952.45215526364,0.7908191384766279,0.09778802836160817,0.9982857525048384,0,0,0,0,0,0,0,1,0,0.0,0.0
419,1IF53ai7Xc0U56Y,155,14195.055274722159,0.8666869599994594,0.09777047916325673,0.9981065985227442,0,0,0,0,0,0,0,0,0,0.0,0.0
420,3PZuoBAID5Wc2HD,155,14042.616154730395,0.8573797051185347,0.0977657306376778,0.9980581223901308,0,0,0,0,0,0,0,0,0,0.0,0.0
421,7JYdWkrLSPkdwr4,155,13829.793504656262,0.8443857003723721,0.09776019710514326,0.9980016323802308,0,0,0,0,0,0,0,0,0,0.0,0.0
422,McdE0feGgRqW7Ca,155,14343.790241861447,0.8757680557768827,0.09774733020862161,0.997870278474321,0,0,0,0,0,0,0,0,0,0.0,0.0
423,VHMLBKoKgIrUVDU,155,14133.359198652992,0.8629200719122041,0.09773684376222215,0.9977632257991583,0,0,0,0,0,0,0,0,1,0.0,0.0
424,WRmjgnKYAwPKWDb,155,13746.407590051609,0.8392945271830592,0.09779660413871734,0.9983732997869359,0,0,0,0,0,0,0,0,0,0.0,0.0
425,ZnxXDlPa8U1GXgE,155,14117.193496386673,0.86193306600893,0.09776216975190342,0.9980217704808592,0,0,0,0,0,0,0,0,0,0.0,0.0
426,ZoEaEvLYb1n2sOq,155,13923.332113718365,0.8500967519436171,0.09776104135879468,0.9980102510875085,0,0,0,0,0,0,0,0,0,0.0,0.0
427,adLQvlD726eNBSB,155,14279.221350974693,0.8718257663901812,0.09777429675798942,0.9981455710891649,0,0,0,0,0,0,0,0,0,0.0,0.0
428,bvBOhCH3iADSZry,155,12787.394435874141,0.7807414480222011,0.0977934242186362,0.9983408370308676,0,0,0,0,0,0,0,1,0,0.0,0.0
429,iCRJl6heRkivqQ3,155,14058.02659436768,0.8583205980437829,0.09776210626110328,0.9980211223242058,0,0,0,0,0,0,0,0,0,0.0,0.0
430,ih0vzX44oOqAx2f,155,13742.50986613977,0.8390565494913425,0.09778715461047881,0.9982768326675301,0,0,0,0,0,0,0,0,0,0.0,0.0
431,pkci93gMrogZuBj,155,14072.129401498494,0.8591816527422756,0.09775953874540325,0.9979949114026276,0,0,0,0,0,0,0,0,0,0.0,0.0
432,rGa61gmuvPhdLxV,155,13983.02793985314,0.8537415136635336,0.0977641709300689,0.998042199849201,0,0,0,0,0,0,0,0,0,0.0,0.0
433,sjndEbLyjtCKgGv,155,14005.331515763955,0.8551032708408856,0.09775993630103452,0.9979989699170406,0,0,0,0,0,0,0,0,0,0.0,0.0
434,uHbuxQJl8lW7ozc,155,14119.527888071887,0.8620755935858891,0.09776434195656815,0.9980439458023648,0,0,0,0,0,0,0,0,0,0.0,0.0
435,wCURE6d3bPkepu2,155,14100.539905991514,0.8609162718257923,0.09776445346260779,0.9980450841307732,0,0,0,0,0,0,0,0,0,0.0,0.0
436,z9Y9gH1T5YWrNuG,155,13987.63503940715,0.8540228026778842,0.097773501240156,0.9981374499097908,0,0,0,0,0,0,0,0,0,0.0,0.0
437,zBIq5rxdHJRwDNY,155,14117.86003282038,0.86197376175997,0.09776111652545658,0.9980110184391863,0,0,0,0,0,0,0,0,0,0.0,0.0
438,zVJPv84UY57bAof,155,13990.878912844935,0.8542208591668521,0.09776184580326784,0.9980184633960056,0,0,0,0,0,0,0,0,0,0.0,0.0
439,YxYtjZvoooNbGkE,155,13948.641361532706,0.851642022083364,0.09776961078818185,0.9980977335678043,0,0,0,0,0,0,0,0,0,0.0,0.0
440,1BY6WEcLGh8j5v7,156,12917.012778074184,0.7886553676785459,0.09776131743677235,0.9980130694765926,0,0,0,0,0,0,0,1,0,0.0,0.0
441,1IF53ai7Xc0U56Y,156,13958.457340621924,0.85224134212204,0.09773725219219041,0.9977673953260937,0,0,0,0,0,0,0,0,0,0.0,0.0
442,3PZuoBAID5Wc2HD,156,13868.991055434008,0.8467789285398936,0.09772975041233167,0.9976908121279572,0,0,0,0,0,0,0,0,0,0.0,0.0
443,7JYdWkrLSPkdwr4,156,13454.572752271704,0.8214763895652505,0.09774595516367504,0.9978562410936496,0,0,0,0,0,0,0,0,0,0.0,0.0
444,McdE0feGgRqW7Ca,156,14667.20708556172,0.8955144502540043,0.0977296554365044,0.9976898425510387,0,0,0,0,0,0,0,0,0,0.0,0.0
445,VHMLBKoKgIrUVDU,156,13888.734070190147,0.8479843492380922,0.09774259538974418,0.9978219422689059,0,0,0,0,0,0,0,0,0,0.0,0.0
446,WRmjgnKYAwPKWDb,156,13424.651721972616,0.8196495444922237,0.09773585280784006,0.997753109472471,0,0,0,0,0,0,0,0,0,0.0,0.0
447,ZnxXDlPa8U1GXgE,156,13990.349162542103,0.854188514968775,0.09772099042641272,0.997601384318832,0,0,0,0,0,0,0,0,0,0.0,0.0
448,ZoEaEvLYb1n2sOq,156,13669.453341476787,0.8345960429245919,0.09772718524959394,0.9976646252269955,0,0,0,0,0,0,0,0,0,0.0,0.0
449,adLQvlD726eNBSB,156,14179.509388026203,0.8657377972790432,0.09772120197764673,0.997603543975657,0,0,0,0,0,0,0,0,0,0.0,0.0
450,bvBOhCH3iADSZry,156,12753.633026624117,0.7786801264857991,0.09777839546906071,0.998187413479636,0,0,0,0,0,0,0,1,0,0.0,0.0
451,iCRJl6heRkivqQ3,156,14289.66989688016,0.8724637081460932,0.09771411722098891,0.9975312180299357,0,0,0,0,0,0,0,0,0,0.0,0.0
452,ih0vzX44oOqAx2f,156,13704.195788248486,0.8367172622501078,0.09773812273402564,0.9977762824007759,0,0,0,0,0,0,0,0,0,0.0,0.0
453,pkci93gMrogZuBj,156,14067.195156489955,0.8588803896810491,0.09772648363241648,0.9976574626484703,0,0,0,0,0,0,0,0,0,0.0,0.0
454,rGa61gmuvPhdLxV,156,14001.123200087324,0.8548463297969862,0.09772659528023253,0.9976586024242273,0,0,0,0,0,0,0,0,0,0.0,0.0
455,sjndEbLyjtCKgGv,156,14126.479700940055,0.8625000403699694,0.09771811786463971,0.9975720592824322,0,0,0,0,0,0,0,0,0,0.0,0.0
456,uHbuxQJl8lW7ozc,156,14506.925453878768,0.8857283664791548,0.09771287520406903,0.9975185386885453,0,0,0,0,0,0,0,0,0,0.0,0.0
457,wCURE6d3bPkepu2,156,14275.324708440236,0.8715878547225594,0.09772243204314238,0.9976161013088962,0,0,0,0,0,0,0,0,0,0.0,0.0
458,z9Y9gH1T5YWrNuG,156,14385.250679123576,0.878299445731732,0.09773129621243924,0.9977065926917895,0,0,0,0,0,0,0,0,0,0.0,0.0
459,zBIq5rxdHJRwDNY,156,13966.182308059804,0.8527129942864914,0.09770880362862641,0.997476973316764,0,0,0,0,0,0,0,0,0,0.0,0.0
460,zVJPv84UY57bAof,156,14373.10984095187,0.8775581801344351,0.09773128069703742,0.9977064343001659,0,0,0,0,0,0,0,0,0,0.0,0.0
461,YxYtjZvoooNbGkE,156,13849.937768506534,0.8456156195561959,0.09772026288393348,0.9975939570774455,0,0,0,0,0,0,0,0,0,0.0,0.0
462,1BY6WEcLGh8j5v7,157,12769.31147055972,0.7796373825618826,0.09778158325497902,0.9982199565354435,0,0,0,0,0,0,0,1,0,0.0,0.0
463,1IF53ai7Xc0U56Y,157,13783.269558360116,0.8415451550696436,0.09774776684208047,0.9978747359213966,0,0,0,0,0,0,0,0,0,0.0,0.0
464,3PZuoBAID5Wc2HD,157,14299.126291556038,0.8730410735593006,0.09772140074895619,0.997605573166444,0,0,0,0,0,0,0,0,0,0.0,0.0
465,7JYdWkrLSPkdwr4,157,13479.689308719002,0.8230098948268838,0.09775470432419196,0.9979455583898131,0,0,0,0,0,0,0,0,0,0.0,0.0
466,McdE0feGgRqW7Ca,157,14060.669253307116,0.8584819470486448,0.09773802450724474,0.9977752796359433,0,0,0,0,0,0,0,0,0,0.0,0.0
467,VHMLBKoKgIrUVDU,157,13858.966930179751,0.8461669000218549,0.09773603306329433,0.9977549496409949,0,0,0,0,0,0,0,0,0,0.0,0.0
468,WRmjgnKYAwPKWDb,157,13868.652798445808,0.8467582760721767,0.09772860218608638,0.9976790902646521,0,0,0,0,0,0,0,0,0,0.0,0.0
469,ZnxXDlPa8U1GXgE,157,13770.5101234853,0.8407661207081036,0.09774890624940373,0.9978863677552331,0,0,0,0,0,0,0,0,0,0.0,0.0
470,ZoEaEvLYb1n2sOq,157,13648.658510690306,0.8333264030162406,0.09777444437285955,0.9981470780407231,0,0,0,0,0,0,0,0,0,0.0,0.0
471,adLQvlD726eNBSB,157,13928.066747466697,0.8503858276288214,0.09773983405643143,0.9977937527271978,0,0,0,0,0,0,0,0,0,0.0,0.0
472,bvBOhCH3iADSZry,157,12648.856936962375,0.7722829643140341,0.0977638963345419,0.9980393965939671,0,0,0,0,0,0,0,1,0,0.0,0.0
473,iCRJl6heRkivqQ3,157,14197.324696552068,0.8668255208059272,0.09773730898008495,0.9977679750549929,0,0,0,0,0,0,0,0,0,0.0,0.0
474,ih0vzX44oOqAx2f,157,13219.602578898046,0.807130155520329,0.09777538545958822,0.9981566852849721,0,0,0,0,0,0,0,0,0,0.0,0.0
475,pkci93gMrogZuBj,157,13924.036435769767,0.8501397547164684,0.09774136019834838,0.9978093326070412,0,0,0,0,0,0,0,0,0,0.0,0.0
476,rGa61gmuvPhdLxV,157,13976.665595713073,0.8533530572190529,0.09774037357176375,0.9977992604614118,0,0,0,0,0,0,0,0,0,0.0,0.0
477,sjndEbLyjtCKgGv,157,13767.714259531176,0.8405954176862362,0.09774340194676613,0.9978301761437174,0,0,0,0,0,0,0,0,0,0.0,0.0
478,uHbuxQJl8lW7ozc,157,13980.286105675814,0.8535741094596062,0.09773811315461597,0.9977761846077398,0,0,0,0,0,0,0,0,0,0.0,0.0
479,wCURE6d3bPkepu2,157,13742.172376370636,0.8390359438666104,0.09771606331606679,0.9975510850731906,0,0,0,0,0,0,0,0,0,0.0,0.0
480,z9Y9gH1T5YWrNuG,157,13610.595523824688,0.8310024462766141,0.09773421132659633,0.9977363521314542,0,0,0,0,0,0,0,0,0,0.0,0.0
481,zBIq5rxdHJRwDNY,157,13922.348147593713,0.8500366753470269,0.09775947139077588,0.9979942238014357,0,0,0,0,0,0,0,0,0,0.0,0.0
482,zVJPv84UY57bAof,157,14102.6227172144,0.8610434390183168,0.0977332400563241,0.9977264367533568,0,0,0,0,0,0,0,0,0,0.0,0.0
483,YxYtjZvoooNbGkE,157,13622.056024727828,0.831702173505257,0.09774146257268256,0.9978103777128783,0,0,0,0,0,0,0,0,0,0.0,0.0
484,1BY6WEcLGh8j5v7,158,12414.874795748152,0.7579970551197082,0.09775123285323609,0.9979101192869542,0,0,0,0,0,0,0,1,0,0.0,0.0
485,1IF53ai7Xc0U56Y,158,13807.583651073523,0.8430296654636574,0.09773395163281229,0.9977337010032029,0,0,0,0,0,0,0,0,0,0.0,0.0
486,3PZuoBAID5Wc2HD,158,13891.67101757937,0.8481636661872115,0.09774399553811457,0.9978362359221573,0,0,0,0,0,0,0,0,0,0.0,0.0
487,7JYdWkrLSPkdwr4,158,13625.719651179084,0.8319258582468915,0.09772678172352106,0.9976605057623119,0,0,0,0,0,0,0,0,0,0.0,0.0
488,McdE0feGgRqW7Ca,158,13624.0937381583,0.8318265872270937,0.09772802273446143,0.997673174833989,0,0,0,0,0,0,0,0,0,0.0,0.0
489,VHMLBKoKgIrUVDU,158,13744.121407080402,0.8391549430158283,0.09773101227790364,0.9977036940976949,0,0,0,0,0,0,0,0,0,0.0,0.0
490,WRmjgnKYAwPKWDb,158,13727.597114425664,0.8381460431778277,0.09772748433717854,0.9976676785135732,0,0,0,0,0,0,0,0,0,0.0,0.0
491,ZnxXDlPa8U1GXgE,158,13382.220330877748,0.8170588724134721,0.09775560022517425,0.9979547043476698,0,0,0,0,0,0,0,0,0,0.0,0.0
492,ZoEaEvLYb1n2sOq,158,13309.092614446055,0.812594019193862,0.09773520725562725,0.9977465192426919,0,0,0,0,0,0,0,0,0,0.0,0.0
493,adLQvlD726eNBSB,158,14008.613110616578,0.8553036304317237,0.09772664927022584,0.997659153590275,0,0,0,0,0,0,0,0,0,0.0,0.0
494,bvBOhCH3iADSZry,158,12410.946496554528,0.7577572106372317,0.0977599244337703,0.9979988487680513,0,0,0,0,0,0,0,1,0,0.0,0.0
495,iCRJl6heRkivqQ3,158,13768.910421858129,0.840668450039457,0.09773462786897459,0.9977406044753095,0,0,0,0,0,0,0,0,0,0.0,0.0
496,ih0vzX44oOqAx2f,158,13055.086081501327,0.7970855096743611,0.09774288175999452,0.9978248657284094,0,0,0,0,0,0,0,0,0,0.0,0.0
497,pkci93gMrogZuBj,158,13827.456135615115,0.844242991011298,0.0977234237464922,0.9976262252815484,0,0,0,0,0,0,0,0,0,0.0,0.0
498,rGa61gmuvPhdLxV,158,13818.24186530127,0.8436804086350855,0.09772103049176942,0.9976017933328538,0,0,0,0,0,0,0,0,0,0.0,0.0
499,sjndEbLyjtCKgGv,158,13489.518463952518,0.8236100193423458,0.0977263969234536,0.9976565774652458,0,0,0,0,0,0,0,0,0,0.0,0.0
500,uHbuxQJl8lW7ozc,158,14184.579184806393,0.8660473365287468,0.09772765009920367,0.9976693707234559,0,0,0,0,0,0,0,0,0,0.0,0.0
501,wCURE6d3bPkepu2,158,13339.937475227453,0.814477269248537,0.09773022948450062,0.997695702817837,0,0,0,0,0,0,0,0,0,0.0,0.0
502,z9Y9gH1T5YWrNuG,158,13026.879504870032,0.7953633415193627,0.09772646948606828,0.9976573182330638,0,0,0,0,0,0,0,0,0,0.0,0.0
503,zBIq5rxdHJRwDNY,158,13612.81604784671,0.8311380216003453,0.09771917390078265,0.9975828400073664,0,0,0,0,0,0,0,0,0,0.0,0.0
504,zVJPv84UY57bAof,158,14025.241566824714,0.8563188900331554,0.09772368583567939,0.997628900863681,0,0,0,0,0,0,0,0,0,0.0,0.0
505,YxYtjZvoooNbGkE,158,13327.733112358212,0.8137321251156565,0.09772861389324815,0.9976792097792081,0,0,0,0,0,0,0,0,0,0.0,0.0
506,1BY6WEcLGh8j5v7,159,13017.566964316035,0.7947947591992228,0.0977777342600536,0.998180663414804,0,0,0,0,0,0,0,1,0,1.0,0.0
507,1IF53ai7Xc0U56Y,159,14505.133286883629,0.8856189447308933,0.0976634614237704,0.9970140896913009,0,0,0,0,1,1,0,0,0,0.0,0.0
508,3PZuoBAID5Wc2HD,159,14227.676153023336,0.8686786457872355,0.09765469892577308,0.9969246362371957,0,0,0,0,0,0,0,0,0,0.0,0.0
509,7JYdWkrLSPkdwr4,159,14023.962544088045,0.8562407985917372,0.09766974387016966,0.9970782251160184,0,0,0,0,0,1,0,0,0,0.0,0.0
510,McdE0feGgRqW7Ca,159,14529.232630992246,0.8870903435299295,0.09768929449322744,0.9972778109833088,0,0,0,0,0,0,0,0,0,0.0,0.0
511,VHMLBKoKgIrUVDU,159,14351.911765501802,0.8762639198998605,0.09766723146520195,0.9970525768017431,0,0,0,0,0,0,0,0,0,0.0,0.0
512,WRmjgnKYAwPKWDb,159,14138.16517782188,0.8632135036315663,0.09766548201930572,0.9970347172851719,0,0,0,0,0,0,0,0,0,0.0,0.0
513,ZnxXDlPa8U1GXgE,159,14142.866302269975,0.8635005333878897,0.09766337556301344,0.9970132131671311,0,0,0,0,0,1,0,0,0,0.0,0.0
514,ZoEaEvLYb1n2sOq,159,13729.233868571398,0.8382459761085124,0.09767291338328393,0.9971105816307919,0,0,0,0,0,1,0,0,0,0.0,0.0
515,adLQvlD726eNBSB,159,14715.999770772834,0.8984935146674509,0.09765552975676889,0.9969331179170062,0,0,0,0,1,0,0,0,0,0.0,0.0
516,bvBOhCH3iADSZry,159,12559.288359252143,0.7668143052052956,0.09777291501994229,0.9981314653808359,0,0,0,0,0,0,0,1,0,1.0,0.0
517,iCRJl6heRkivqQ3,159,14327.400852309966,0.8747673925225511,0.09766572495343276,0.9970371973196084,0,0,0,0,0,0,0,0,0,0.0,0.0
518,ih0vzX44oOqAx2f,159,13799.023369232018,0.8425070127157557,0.09767086355278841,0.9970896555868475,0,0,0,0,0,1,0,0,0,0.0,0.0
519,pkci93gMrogZuBj,159,14333.544677556743,0.875142507175002,0.09766455054757262,0.9970252081972436,0,0,0,0,0,0,0,0,0,0.0,0.0
520,rGa61gmuvPhdLxV,159,14183.28929984816,0.8659685818883762,0.09766970633369985,0.9970778419185694,0,0,0,0,0,0,0,0,0,0.0,0.0
521,sjndEbLyjtCKgGv,159,14294.17826824645,0.8727389692562741,0.0977004081956965,0.9973912671089545,0,0,0,0,0,0,0,0,0,0.0,0.0
522,uHbuxQJl8lW7ozc,159,14435.980216860462,0.8813967657486292,0.09766240362576768,0.9970032909801209,0,0,0,0,0,0,0,0,0,0.0,0.0
523,wCURE6d3bPkepu2,159,14215.762362708272,0.8679512427225485,0.09773080305564712,0.9977015582166336,0,0,0,0,0,0,0,0,0,0.0,0.0
524,z9Y9gH1T5YWrNuG,159,14272.596183147574,0.8714212630999547,0.09773669553279396,0.9977617125737795,0,0,0,0,0,0,0,0,0,0.0,0.0
525,zBIq5rxdHJRwDNY,159,14385.761130410729,0.8783306116177204,0.09766404223120273,0.9970200189629547,0,0,0,0,0,1,0,0,0,0.0,0.0
526,zVJPv84UY57bAof,159,14411.409043510277,0.879896559153984,0.09766071539345988,0.9969860563728993,0,0,0,0,0,0,0,0,0,0.0,0.0
527,YxYtjZvoooNbGkE,159,13862.04941642817,0.8463551029266114,0.09765615243948976,0.9969394746796794,0,0,0,0,0,0,0,0,0,0.0,0.0
528,1BY6WEcLGh8j5v7,160,12876.29616276138,0.7861693921846877,0.09775793688910576,0.9979785585796274,0,0,0,0,0,0,0,0,0,0.0,0.0
529,1IF53ai7Xc0U56Y,160,13719.499852506759,0.8376516603676873,0.09768187927968755,0.9972021115121907,0,0,1,0,0,0,0,0,0,0.0,0.0
530,3PZuoBAID5Wc2HD,160,13925.8547137607,0.8502507706860365,0.09767984404251699,0.9971813344466912,0,0,1,0,0,0,0,0,0,0.0,0.0
531,7JYdWkrLSPkdwr4,160,13270.743327517395,0.810252582245354,0.09770720535902558,0.9974606571091678,0,0,1,0,0,0,0,0,0,0.0,0.0
532,McdE0feGgRqW7Ca,160,13857.455730752738,0.8460746329040449,0.09769023271145168,0.9972873889439415,0,0,1,0,0,0,0,0,0,0.0,0.0
533,VHMLBKoKgIrUVDU,160,13581.272812723999,0.8292121319135518,0.09769191157938649,0.9973045279533657,0,0,1,0,0,0,0,0,0,0.0,0.0
534,WRmjgnKYAwPKWDb,160,13660.577149975015,0.8340541021374543,0.09769069442977725,0.9972921024741539,0,0,1,0,0,0,0,0,0,0.0,0.0
535,ZnxXDlPa8U1GXgE,160,13763.725719935339,0.8403518951926459,0.09769668252568113,0.9973532329716762,0,0,0,0,0,0,0,0,0,0.0,0.0
536,ZoEaEvLYb1n2sOq,160,13370.631065072906,0.816351283372455,0.09770178242296908,0.9974052961422616,0,0,1,0,0,0,0,0,0,0.0,0.0
537,adLQvlD726eNBSB,160,14012.431052847556,0.8555367370087381,0.09766326082628901,0.9970120418577264,0,0,1,0,0,0,0,0,0,0.0,0.0
538,bvBOhCH3iADSZry,160,12346.333288503072,0.7538122154414997,0.09777497947088029,0.9981525406800589,0,0,1,0,0,0,0,1,0,1.0,0.0
539,iCRJl6heRkivqQ3,160,13759.15077798087,0.8400725695783418,0.0976934769410027,0.9973205082141927,0,0,1,0,0,0,0,0,0,0.0,0.0
540,ih0vzX44oOqAx2f,160,13299.155713529355,0.8119873162060514,0.0977113016788842,0.9975024750885368,0,0,0,0,0,0,0,0,0,0.0,0.0
541,pkci93gMrogZuBj,160,13522.29819172931,0.825611403772815,0.09769908862899035,0.9973777960873551,0,0,1,0,0,0,0,0,0,0.0,0.0
542,rGa61gmuvPhdLxV,160,13563.803385554538,0.8281455263644073,0.09769619461884499,0.9973482520915907,0,0,1,1,0,0,0,0,0,0.0,0.0
543,sjndEbLyjtCKgGv,160,13506.206782481571,0.8246289338709285,0.09770513173614628,0.997439488176619,0,0,1,0,0,0,0,0,0,0.0,0.0
544,uHbuxQJl8lW7ozc,160,13622.343331783239,0.8317197151966151,0.09768678681486123,0.9972522109213504,0,0,0,0,0,0,0,0,0,0.0,0.0
545,wCURE6d3bPkepu2,160,13812.849807347979,0.8433511935510132,0.09770373571708794,0.9974252366781532,0,0,0,0,0,0,0,0,0,0.0,0.0
546,z9Y9gH1T5YWrNuG,160,12491.772575112967,0.7626920916192899,0.09773592154568882,0.9977538111945142,0,0,0,1,0,0,0,1,0,0.0,0.0
547,zBIq5rxdHJRwDNY,160,13596.004560287367,0.8301115869184161,0.09770751227724132,0.997463790336078,0,0,1,0,0,0,0,0,0,0.0,0.0
548,zVJPv84UY57bAof,160,13677.544203215668,0.8350900349681969,0.09768944464623615,0.9972793438458872,0,0,1,0,0,0,0,0,0,0.0,0.0
549,YxYtjZvoooNbGkE,160,13664.673568590897,0.8343042112443492,0.09769892905741588,0.997376167073743,0,0,1,0,0,0,0,0,0,0.0,0.0
550,1BY6WEcLGh8j5v7,161,12303.69080264217,0.7512086548549187,0.09776157088797882,0.9980156568764268,0,0,0,1,0,0,0,1,0,0.0,0.0
551,1IF53ai7Xc0U56Y,161,13684.104715773688,0.8354905906951672,0.09773751833746748,0.997770112315511,0,0,1,0,0,0,0,0,0,0.0,0.0
552,3PZuoBAID5Wc2HD,161,13902.808128466771,0.8488436486593733,0.09772442771362441,0.997636474451113,0,0,1,0,0,0,0,0,0,0.0,0.0
553,7JYdWkrLSPkdwr4,161,13316.811007035074,0.8130652699272756,0.09774901308173978,0.997887458371342,0,0,1,0,0,0,0,0,0,0.0,0.0
554,McdE0feGgRqW7Ca,161,13814.355061606308,0.8434430976832571,0.09771618881018705,0.9975523662013039,0,0,1,0,0,0,0,0,0,0.0,0.0
555,VHMLBKoKgIrUVDU,161,13690.378725062845,0.835873653806412,0.09772143109644255,0.9976058829739303,0,0,1,0,0,0,0,0,0,0.0,0.0
556,WRmjgnKYAwPKWDb,161,13348.960498275557,0.8150281749170406,0.09773824468229905,0.9977775273305074,0,0,1,0,0,0,0,0,0,0.0,0.0
557,ZnxXDlPa8U1GXgE,161,13652.244877856743,0.8335453706494599,0.09773616311729699,0.9977562773194448,0,0,0,0,0,0,0,0,0,0.0,0.0
558,ZoEaEvLYb1n2sOq,161,13540.455860667622,0.8267200303042556,0.09772237640398962,0.9976155333071234,0,0,1,0,0,0,0,0,0,0.0,0.0
559,adLQvlD726eNBSB,161,13803.075572586726,0.8427544222353962,0.09774344915862378,0.997830658114012,0,0,1,0,0,0,0,0,0,0.0,0.0
560,bvBOhCH3iADSZry,161,12133.818491321064,0.7408370068241327,0.09778827970979634,0.9982883184356519,0,0,0,0,0,0,0,1,0,1.0,0.0
561,iCRJl6heRkivqQ3,161,13983.835086701292,0.8537907944612874,0.0977232190800432,0.9976241359092246,0,0,1,0,0,0,0,0,0,0.0,0.0
562,ih0vzX44oOqAx2f,161,13263.995207730879,0.8098405720551646,0.09774268413593777,0.9978228482495471,0,0,0,0,0,0,0,0,0,0.0,0.0
563,pkci93gMrogZuBj,161,14200.19781661985,0.867000940742593,0.09772392827616432,0.9976313758586878,0,0,1,0,0,0,0,0,0,0.0,0.0
564,rGa61gmuvPhdLxV,161,13957.771448151037,0.852199464577432,0.09771983007258236,0.9975895386490081,0,0,1,0,0,0,0,0,0,0.0,0.0
565,sjndEbLyjtCKgGv,161,13728.938620047755,0.8382279495464139,0.09771946648190823,0.9975858268716483,0,0,1,0,0,0,0,0,0,0.0,0.0
566,uHbuxQJl8lW7ozc,161,14171.934378969316,0.8652753009065794,0.09772786530936718,0.9976715677330861,0,0,0,0,0,0,0,0,0,0.0,0.0
567,wCURE6d3bPkepu2,161,13445.258968497104,0.8209077313395883,0.0977503583187348,0.9979011914524601,0,0,0,0,0,0,0,0,0,0.0,0.0
568,z9Y9gH1T5YWrNuG,161,13066.968582049536,0.7978110023250067,0.0977397719186038,0.997793118382595,0,0,0,0,0,0,0,0,0,0.0,0.0
569,zBIq5rxdHJRwDNY,161,13647.31048018349,0.8332440982672047,0.09772818833298749,0.9976748653747635,0,0,1,0,0,0,0,0,0,0.0,0.0
570,zVJPv84UY57bAof,161,14239.144092573202,0.8693788271865732,0.09771507860171201,0.9975410324488854,0,0,1,0,0,0,0,0,0,0.0,0.0
571,YxYtjZvoooNbGkE,161,13581.653795448005,0.8292353930247268,0.09773383214870408,0.9977324812293219,0,0,1,0,0,0,0,0,0,0.0,0.0
572,1BY6WEcLGh8j5v7,162,12503.747763144864,0.7634232433555757,0.09783461194260347,0.9987613089301739,0,0,0,0,0,0,1,1,0,0.0,0.0
573,1IF53ai7Xc0U56Y,162,13922.971058113808,0.8500747074937542,0.09779632397206808,0.9983704396579511,0,0,0,0,0,0,0,0,0,0.0,0.0
574,3PZuoBAID5Wc2HD,162,14164.539338436665,0.8648237926120166,0.09779372585659903,0.9983439163534161,0,0,0,0,0,0,0,0,0,0.0,0.0
575,7JYdWkrLSPkdwr4,162,13399.647440425326,0.8181228942367801,0.09778611377202955,0.9982662070908418,0,0,0,0,0,0,0,0,0,0.0,0.0
576,McdE0feGgRqW7Ca,162,13864.45097350372,0.8465017313236689,0.09778831543425429,0.998288683134869,0,0,0,0,0,0,0,0,0,0.0,0.0
577,VHMLBKoKgIrUVDU,162,13580.027423034935,0.8291360939564787,0.09778763257889735,0.9982817120895858,0,0,0,0,0,0,0,0,0,0.0,0.0
578,WRmjgnKYAwPKWDb,162,13724.546611643082,0.837959793041288,0.09781028054222657,0.9985129176828842,0,0,0,0,0,0,0,0,0,0.0,0.0
579,ZnxXDlPa8U1GXgE,162,13451.099229307485,0.8212643116972826,0.09781276713689013,0.998538302508271,0,0,0,0,0,0,0,0,0,0.0,0.0
580,ZoEaEvLYb1n2sOq,162,13661.705313310445,0.8341229827745948,0.09780595277113886,0.9984687368941992,0,0,0,0,0,0,0,0,0,0.0,0.0
581,adLQvlD726eNBSB,162,14003.806176229871,0.8550101403910086,0.09779863906291843,0.9983940736574333,0,0,0,0,0,0,0,0,0,0.0,0.0
582,bvBOhCH3iADSZry,162,12436.674219859726,0.7593280310297944,0.09786758222181856,0.9990978916443158,0,0,0,0,0,0,1,1,0,1.0,0.0
583,iCRJl6heRkivqQ3,162,13986.667884174773,0.8539637524796304,0.09778325062349331,0.9982369781510737,0,0,0,0,0,0,0,0,0,0.0,0.0
584,ih0vzX44oOqAx2f,162,13273.257351626215,0.8104060773794038,0.09780007750337637,0.9984087582219863,0,0,0,0,0,0,0,0,0,0.0,0.0
585,pkci93gMrogZuBj,162,14236.63065107,0.869225367623832,0.09777076116453534,0.9981094773808553,0,0,0,0,0,0,0,0,0,0.0,0.0
586,rGa61gmuvPhdLxV,162,14122.261387210898,0.8622424888894368,0.09777389288679188,0.9981414481012173,0,0,0,0,0,0,0,0,0,0.0,0.0
587,sjndEbLyjtCKgGv,162,13727.231712977793,0.8381237333900949,0.09779427251895392,0.9983494970492279,0,0,0,0,0,0,1,0,0,0.0,0.0
588,uHbuxQJl8lW7ozc,162,14391.217230365737,0.8786637368216694,0.09775101616212035,0.9979079071587709,0,0,1,0,0,0,0,0,0,0.0,0.0
589,wCURE6d3bPkepu2,162,13436.16078220663,0.8203522365377017,0.09780242420839239,0.9984327149600664,0,0,0,0,0,0,1,0,0,0.0,0.0
590,z9Y9gH1T5YWrNuG,162,13352.153114630477,0.8152231018764317,0.09780111735610889,0.9984193737358172,0,0,0,0,0,0,1,0,0,0.0,0.0
591,zBIq5rxdHJRwDNY,162,13917.192698190205,0.8497219065289784,0.09778142319906093,0.9982183225773271,0,0,0,0,0,0,0,0,0,0.0,0.0
592,zVJPv84UY57bAof,162,14125.015955761832,0.8624106705975961,0.09778557837132228,0.998260741361479,0,0,0,0,0,0,0,0,0,0.0,0.0
593,YxYtjZvoooNbGkE,162,13515.396260030231,0.8251900025111341,0.09780367707503282,0.9984455050626779,0,0,0,0,0,0,0,0,0,0.0,0.0
594,1BY6WEcLGh8j5v7,163,13786.413112430673,0.8417370865040957,0.09794763339084461,0.999915107645589,0,0,0,0,1,0,1,1,0,0.0,0.0
595,1IF53ai7Xc0U56Y,163,14932.420864880483,0.9117072244066393,0.09791661428027194,0.9995984437690503,0,0,0,0,1,0,1,0,0,0.0,0.0
596,3PZuoBAID5Wc2HD,163,14952.600950819211,0.9129393307279094,0.09791270796853452,0.9995585655199676,0,0,0,0,1,0,1,0,0,0.0,0.0
597,7JYdWkrLSPkdwr4,163,14650.765198463963,0.8945105817329155,0.09791773965300485,0.9996099323283795,0,0,0,0,1,0,1,0,0,0.0,0.0
598,McdE0feGgRqW7Ca,163,14991.916741359246,0.9153397780895901,0.09791458800894935,0.9995777582329377,0,0,0,0,1,0,1,0,0,0.0,0.0
599,VHMLBKoKgIrUVDU,163,15074.822043883723,0.9204016072422195,0.09790359477438704,0.9994655319244481,0,0,0,0,1,0,1,0,0,0.0,0.0
600,WRmjgnKYAwPKWDb,163,14766.658702680346,0.9015865238063392,0.09791577505444145,0.9995898763891393,0,0,0,0,1,0,1,0,0,0.0,0.0
601,ZnxXDlPa8U1GXgE,163,14925.649102540936,0.911293770707283,0.09791102321431129,0.999541366419365,0,0,0,0,1,0,0,0,0,0.0,0.0
602,ZoEaEvLYb1n2sOq,163,14530.680212633655,0.8871787264286124,0.0979299053209375,0.9997341276227355,0,0,0,0,1,0,1,0,0,0.0,0.0
603,adLQvlD726eNBSB,163,15197.54319660473,0.9278944151757541,0.09790651237643033,0.999495316762123,0,0,0,0,1,0,0,0,0,0.0,0.0
604,bvBOhCH3iADSZry,163,13620.426050147904,0.8316026545047169,0.09795594910199244,1.0,0,0,0,0,1,0,1,1,0,1.0,0.0
605,iCRJl6heRkivqQ3,163,14773.87015310593,0.9020268229052562,0.09792548433072988,0.9996889951907787,0,0,0,0,1,0,1,0,0,0.0,0.0
606,ih0vzX44oOqAx2f,163,14452.841793549995,0.8824262586501379,0.09792818934954799,0.9997166098363709,0,0,0,0,1,0,1,0,0,0.0,0.0
607,pkci93gMrogZuBj,163,14699.924162366231,0.8975120094946692,0.09792977014489672,0.9997327476550866,0,0,0,0,0,0,1,0,0,0.0,0.0
608,rGa61gmuvPhdLxV,163,14695.17264855343,0.8972219031877818,0.09792805658050799,0.9997152544409996,0,0,0,0,1,0,1,0,0,0.0,0.0
609,sjndEbLyjtCKgGv,163,14767.186689003516,0.9016187603036613,0.09791975233474302,0.9996304791329036,0,0,0,0,1,0,1,0,0,0.0,0.0
610,uHbuxQJl8lW7ozc,163,14809.625492513536,0.9042098849515244,0.09792453421856116,0.9996792958087868,0,0,0,0,0,0,1,0,0,0.0,0.0
611,wCURE6d3bPkepu2,163,14797.012977874481,0.9034398208863329,0.09791595241690049,0.9995916870240285,0,0,0,0,1,0,1,0,0,0.0,0.0
612,z9Y9gH1T5YWrNuG,163,14598.845312919768,0.891340584371514,0.09792673275374751,0.9997017399299096,0,0,0,0,0,0,1,0,0,0.0,0.0
613,zBIq5rxdHJRwDNY,163,14766.199711966567,0.9015584998741534,0.0979227235908224,0.9996608117069494,0,0,0,0,0,0,1,0,0,0.0,0.0
614,zVJPv84UY57bAof,163,14781.366636233364,0.9024845248336152,0.09792095926007219,0.9996428002358099,0,0,0,0,0,0,1,0,0,0.0,0.0
615,YxYtjZvoooNbGkE,163,14620.317923195898,0.8926516064819112,0.09792757104848766,0.9997102978046262,0,0,0,0,1,0,1,0,0,0.0,0.0
616,1BY6WEcLGh8j5v7,164,13637.583295866614,0.8326501996425223,0.09792065085823516,0.9996396518630989,0,0,0,0,0,0,0,1,0,0.0,0.0
617,1IF53ai7Xc0U56Y,164,14737.955658259933,0.899834043535568,0.0978918012365814,0.9993451355839117,0,0,0,0,0,0,0,0,0,0.0,0.0
618,3PZuoBAID5Wc2HD,164,14768.660980413291,0.9017087739820416,0.0978896805565005,0.999323486259901,0,0,0,0,0,0,0,0,0,0.0,0.0
619,7JYdWkrLSPkdwr4,164,14347.506918992649,0.8759949795571569,0.0979023939466938,0.9994532730702973,0,0,0,0,0,0,0,0,0,0.0,0.0
620,McdE0feGgRqW7Ca,164,14949.342892363786,0.9127404081648349,0.09787673745609866,0.9991913544136937,0,0,0,0,0,0,0,0,0,0.0,0.0
621,VHMLBKoKgIrUVDU,164,14749.4974478738,0.9005387338914561,0.09788694636899271,0.9992955738407692,0,0,0,0,0,0,0,0,0,0.0,0.0
622,WRmjgnKYAwPKWDb,164,14489.312301684806,0.8846529857190547,0.09789864123412648,0.9994149628645188,0,0,0,0,0,0,0,0,0,0.0,0.0
623,ZnxXDlPa8U1GXgE,164,14713.873880940217,0.8983637172865554,0.09789251144591476,0.9993523858769249,0,0,0,0,0,0,0,0,0,0.0,0.0
624,ZoEaEvLYb1n2sOq,164,14387.032760972543,0.8784082517258095,0.09790046128804722,0.9994335431951412,0,0,0,0,0,0,0,0,0,0.0,0.0
625,adLQvlD726eNBSB,164,14949.192912250977,0.9127312510459992,0.09788772166701337,0.9993034886027389,0,0,0,0,0,0,0,0,0,0.0,0.0
626,bvBOhCH3iADSZry,164,13431.064264894247,0.8200410658511093,0.09792842909778456,0.9997190573471016,0,0,0,0,0,0,0,1,0,1.0,0.0
627,iCRJl6heRkivqQ3,164,14732.07055934334,0.8994747255624707,0.09789120312257107,0.9993390296351071,0,0,0,0,0,0,0,0,0,0.0,0.0
628,ih0vzX44oOqAx2f,164,14288.850270737912,0.8724136654181283,0.09790100245909289,0.999439067831987,0,0,0,0,0,0,0,0,0,0.0,0.0
629,pkci93gMrogZuBj,164,14598.885061490815,0.8913430112425291,0.09789714918640137,0.9993997310410433,0,0,0,0,0,0,0,0,0,0.0,0.0
630,rGa61gmuvPhdLxV,164,14608.640208718158,0.8919386171581939,0.0978968572504323,0.9993967507629515,0,0,0,0,0,0,0,0,0,0.0,0.0
631,sjndEbLyjtCKgGv,164,14639.345800235737,0.8938133640508492,0.09789118372332585,0.9993388315946062,0,0,0,0,0,0,0,0,0,0.0,0.0
632,uHbuxQJl8lW7ozc,164,14678.062473759874,0.8961772319913763,0.09789129467511944,0.9993399642648995,0,0,0,0,0,0,0,0,0,0.0,0.0
633,wCURE6d3bPkepu2,164,14695.41126056324,0.8972364717761669,0.09788537995835951,0.9992795828708734,0,0,0,0,0,0,0,0,0,0.0,0.0
634,z9Y9gH1T5YWrNuG,164,14564.433812290861,0.8892395711460004,0.09788673055342219,0.9992933706507383,0,0,0,0,0,0,0,0,0,0.0,0.0
635,zBIq5rxdHJRwDNY,164,14613.536969771603,0.8922375916157863,0.0978966803468089,0.9993949448121642,0,0,0,0,0,0,0,0,0,0.0,0.0
636,zVJPv84UY57bAof,164,14680.041632778175,0.8962980706411547,0.09788767112838546,0.9993029726705431,0,0,0,0,0,0,0,0,0,0.0,0.0
637,YxYtjZvoooNbGkE,164,14458.249525525884,0.882756430720339,0.09789662307404792,0.9993943601334233,0,0,0,0,0,0,0,0,0,0.0,0.0
638,1BY6WEcLGh8j5v7,165,12966.021557010254,0.7916476258140267,0.09772769549149554,0.9976698341184032,0,0,0,0,0,0,0,0,0,0.0,0.0
639,1IF53ai7Xc0U56Y,165,14319.872714420126,0.8743077578951453,0.0976615470248331,0.9969945462234987,0,0,0,0,0,0,0,0,0,0.0,0.0
640,3PZuoBAID5Wc2HD,165,13968.741513634212,0.8528692479999409,0.09767617114554945,0.9971438390520653,0,0,0,0,0,0,0,0,0,0.0,0.0
641,7JYdWkrLSPkdwr4,165,13823.317418644201,0.8439902993549149,0.09768285083606518,0.9972120298110438,0,0,0,0,0,0,0,0,0,0.0,0.0
642,McdE0feGgRqW7Ca,165,14084.551414015927,0.8599400855949452,0.09765246651681234,0.9969018463098742,0,0,0,0,0,0,0,0,0,0.0,0.0
643,VHMLBKoKgIrUVDU,165,14272.516595583906,0.8714164038371851,0.09767007789327611,0.9970816350478247,0,0,0,0,0,0,0,0,0,0.0,0.0
644,WRmjgnKYAwPKWDb,165,13589.825820966273,0.829734340567825,0.09769807669752135,0.9973674656125011,0,0,0,0,0,0,0,0,0,0.0,0.0
645,ZnxXDlPa8U1GXgE,165,14134.550555856624,0.8629928108859598,0.0976717016236736,0.9970982111763025,0,0,0,0,0,0,0,0,0,0.0,0.0
646,ZoEaEvLYb1n2sOq,165,13637.995153978454,0.8326753458675981,0.09768451136157594,0.9972289815687061,0,0,0,0,0,0,0,0,0,0.0,0.0
647,adLQvlD726eNBSB,165,14349.53438277726,0.87611876748119,0.09766044845226174,0.996983331258186,0,0,0,0,0,0,0,0,0,0.0,0.0
648,bvBOhCH3iADSZry,165,12835.55077010911,0.7836816596744336,0.09772050032455579,0.9975963810305027,0,0,0,0,0,0,0,1,0,1.0,0.0
649,iCRJl6heRkivqQ3,165,13760.123503642471,0.8401319598822363,0.09766420184882937,0.9970216484466983,0,0,0,0,0,0,0,0,0,0.0,0.0
650,ih0vzX44oOqAx2f,165,13711.056716664943,0.8371361600336635,0.09768667467937696,0.9972510661671491,0,0,0,0,0,0,0,0,0,0.0,0.0
651,pkci93gMrogZuBj,165,13142.722644049847,0.8024362085275902,0.09767385056779984,0.997120149038637,0,0,0,0,0,0,0,0,0,0.0,0.0
652,rGa61gmuvPhdLxV,165,13578.776161712267,0.8290596975035647,0.09767130971101336,0.9970942102691209,0,0,0,0,0,0,0,0,0,0.0,0.0
653,sjndEbLyjtCKgGv,165,13696.771961426166,0.8362639963926893,0.09767342604386516,0.9971158152137026,0,0,0,0,0,0,0,0,0,0.0,0.0
654,uHbuxQJl8lW7ozc,165,13387.71189437292,0.8173941628635029,0.09766038075897783,0.996982640199761,0,0,0,0,0,0,0,0,0,0.0,0.0
655,wCURE6d3bPkepu2,165,13969.031405322423,0.8528869474974858,0.09766050010682814,0.9969838585826301,0,0,0,0,0,0,0,0,0,0.0,0.0
656,z9Y9gH1T5YWrNuG,165,13641.157934357254,0.8328684511749461,0.09767055518969983,0.9970865076097067,0,0,0,0,0,0,0,0,0,0.0,0.0
657,zBIq5rxdHJRwDNY,165,13976.598547621756,0.8533489635607111,0.09766277503366756,0.9970070825609619,0,0,0,0,0,0,0,0,0,0.0,0.0
658,zVJPv84UY57bAof,165,13374.110778402717,0.8165637391966217,0.09767176115476035,0.9970988189095469,0,0,0,0,0,0,0,0,0,0.0,0.0
659,YxYtjZvoooNbGkE,165,13433.000542234764,0.8201592863363057,0.09769906345978446,0.9973775391432275,0,0,0,0,0,0,0,0,0,0.0,0.0
660,1BY6WEcLGh8j5v7,166,13600.000886657803,0.8303555848378414,0.09787592407333956,0.9991830508571811,0,0,0,0,0,0,0,1,0,0.0,0.0
661,1IF53ai7Xc0U56Y,166,14735.434513938812,0.8996801136730134,0.09776677669066682,0.9980688012003369,0,0,0,0,0,0,0,0,0,0.0,0.0
662,3PZuoBAID5Wc2HD,166,14745.44125402749,0.9002910807301411,0.09778603803554793,0.9982654339220622,0,0,0,0,0,0,0,0,0,0.0,0.0
663,7JYdWkrLSPkdwr4,166,14453.940558035436,0.8824933443242133,0.09777310196903682,0.9981333738825272,0,0,0,0,0,0,0,0,0,0.0,0.0
664,McdE0feGgRqW7Ca,166,14639.266458008136,0.8938085197672091,0.09777202327857126,0.9981223618870797,0,0,0,0,0,0,0,0,0,0.0,0.0
665,VHMLBKoKgIrUVDU,166,14814.806191006335,0.9045261953667008,0.09775810655504162,0.997980290643248,0,0,0,0,0,0,0,0,0,0.0,0.0
666,WRmjgnKYAwPKWDb,166,14607.619266635747,0.891876282974028,0.09778998876996041,0.9983057656675938,0,0,0,0,0,0,0,0,0,0.0,0.0
667,ZnxXDlPa8U1GXgE,166,14553.904418961167,0.8885966932058348,0.09777267280859327,0.9981289927250019,0,0,0,0,0,0,0,0,0,0.0,0.0
668,ZoEaEvLYb1n2sOq,166,14208.820186554922,0.8675273843134276,0.09780160391481936,0.9984243408533322,0,0,0,0,0,0,0,0,0,0.0,0.0
669,adLQvlD726eNBSB,166,14941.447065445553,0.9122583240802007,0.09775413282129576,0.9979397241051021,0,0,0,0,0,0,0,0,0,0.0,0.0
670,bvBOhCH3iADSZry,166,13418.392521398824,0.8192673855352954,0.097875929262227,0.9991831038288229,0,0,0,0,0,0,0,1,0,1.0,0.0
671,iCRJl6heRkivqQ3,166,14555.699553517656,0.8887062961401977,0.09776884181116934,0.9980898833349234,0,0,0,0,0,0,0,0,0,0.0,0.0
672,ih0vzX44oOqAx2f,166,14057.46561700764,0.8582863472604367,0.09778368390182204,0.9982414013467316,0,0,0,0,0,0,0,0,0,0.0,0.0
673,pkci93gMrogZuBj,166,14124.608011516404,0.8623857633358013,0.09782006272177217,0.9986127807298484,0,0,0,0,0,0,0,0,0,0.0,0.0
674,rGa61gmuvPhdLxV,166,14330.013539493239,0.8749269115852442,0.09777932707277459,0.9981969239149125,0,0,0,0,0,0,0,0,0,0.0,0.0
675,sjndEbLyjtCKgGv,166,14354.338462449428,0.8764120832257283,0.09778352358931637,0.998239764769197,0,0,0,0,0,0,0,0,0,0.0,0.0
676,uHbuxQJl8lW7ozc,166,14230.165844175455,0.8688306552591402,0.09782018556339653,0.9986140347795053,0,0,0,0,0,0,0,0,0,0.0,0.0
677,wCURE6d3bPkepu2,166,14390.875514656947,0.8786428731798517,0.09778012750125503,0.9982050952254636,0,0,0,0,0,0,0,0,0,0.0,0.0
678,z9Y9gH1T5YWrNuG,166,14174.454175007666,0.8654291484489828,0.0977935248227786,0.9983418640654003,0,0,0,0,0,0,0,0,0,0.0,0.0
679,zBIq5rxdHJRwDNY,166,14416.535879917306,0.8802095809896887,0.09776957727338205,0.998097391426259,0,0,0,0,0,0,0,0,0,0.0,0.0
680,zVJPv84UY57bAof,166,14265.324458667623,0.870977283935273,0.09778385943516228,0.9982431933087497,0,0,0,0,0,0,0,0,0,0.0,0.0
681,YxYtjZvoooNbGkE,166,14140.402503469504,0.8633501047878522,0.09780997489426202,0.9985097974235497,0,0,0,0,0,0,0,0,0,0.0,0.0
682,1BY6WEcLGh8j5v7,167,12669.396590447508,0.7735370242309527,0.09784262925248743,0.9988431550044294,0,0,0,0,0,0,0,1,0,0.0,0.0
683,1IF53ai7Xc0U56Y,167,14077.276302779883,0.8594958996499948,0.09777978718174615,0.9982016210157602,0,0,0,0,0,0,0,0,0,0.0,0.0
684,3PZuoBAID5Wc2HD,167,13748.021389352794,0.8393930585929991,0.09781128253381902,0.9985231466848145,0,0,0,0,0,0,0,0,0,0.0,0.0
685,7JYdWkrLSPkdwr4,167,13844.009922930858,0.8452536916621582,0.09780896982868081,0.9984995370402813,0,0,0,0,0,0,0,0,0,0.0,0.0
686,McdE0feGgRqW7Ca,167,14246.429991961328,0.8698236718081226,0.09778091649119933,0.9982131497637691,0,0,0,0,0,0,0,0,0,0.0,0.0
687,VHMLBKoKgIrUVDU,167,14192.6389016029,0.8665394270006493,0.09777549390987834,0.9981577924182409,0,0,0,0,0,0,0,0,0,0.0,0.0
688,WRmjgnKYAwPKWDb,167,13504.859872049703,0.8245466975086886,0.09782513928817974,0.9986646057231654,0,0,0,0,0,0,0,0,0,0.0,0.0
689,ZnxXDlPa8U1GXgE,167,13638.347054151593,0.832696831327526,0.09780644818371988,0.9984737943979604,0,0,0,0,0,0,0,0,0,0.0,0.0
690,ZoEaEvLYb1n2sOq,167,13464.60443596016,0.8220888795676745,0.09783355653448711,0.998750534616556,0,0,0,0,0,0,0,0,0,0.0,0.0
691,adLQvlD726eNBSB,167,14181.122927159822,0.8658363128043083,0.09778270232629209,0.9982313807656545,0,0,0,0,0,0,0,0,0,0.0,0.0
692,bvBOhCH3iADSZry,167,12459.334309886492,0.7607115553739077,0.09785080360744201,0.9989266043000518,0,0,0,0,0,0,0,1,0,1.0,0.0
693,iCRJl6heRkivqQ3,167,13813.395471600013,0.8433845093840708,0.09779549969871909,0.9983620249229959,0,0,0,0,0,0,0,0,0,0.0,0.0
694,ih0vzX44oOqAx2f,167,13332.12110643772,0.8140000365239367,0.09781488387053167,0.9985599115443831,0,0,0,0,0,0,0,0,0,0.0,0.0
695,pkci93gMrogZuBj,167,13964.93665889259,0.8526369404868361,0.09778776767055307,0.9982830911957755,0,0,0,0,0,0,0,0,0,0.0,0.0
696,rGa61gmuvPhdLxV,167,13695.766492540488,0.8362026069331179,0.09779751536456861,0.9983826021913292,0,0,0,0,0,0,0,0,0,0.0,0.0
697,sjndEbLyjtCKgGv,167,13871.84874476414,0.8469534063443278,0.09779050845699787,0.9983110709812804,0,0,0,0,0,0,0,0,0,0.0,0.0
698,uHbuxQJl8lW7ozc,167,14204.57457390246,0.8672681660820164,0.0977902857540234,0.9983087974800127,0,0,0,0,0,0,0,0,0,0.0,0.0
699,wCURE6d3bPkepu2,167,14075.83695556901,0.8594080195090279,0.09777938511574487,0.9981975164564663,0,0,0,0,0,0,0,0,0,0.0,0.0
700,z9Y9gH1T5YWrNuG,167,13880.952720376928,0.8475092546164938,0.0977898924088906,0.9983047819491909,0,0,0,0,0,0,0,0,0,0.0,0.0
701,zBIq5rxdHJRwDNY,167,13805.76644515617,0.8429187149501355,0.09778522869311072,0.9982571716118643,0,0,0,0,0,0,0,0,0,0.0,0.0
702,zVJPv84UY57bAof,167,14022.1468160973,0.8561299383138427,0.09780535743693748,0.9984626593235479,0,0,0,0,0,0,0,0,0,0.0,0.0
703,YxYtjZvoooNbGkE,167,13336.728694272426,0.8142813553505356,0.09783419461247934,0.9987570485444807,0,0,0,0,0,0,0,0,0,0.0,0.0
704,1BY6WEcLGh8j5v7,168,13245.852725509503,0.8087328727571358,0.09788764895311645,0.9993027462905303,0,0,0,0,0,0,0,1,0,0.0,0.0
705,1IF53ai7Xc0U56Y,168,14440.002803742142,0.8816423670181097,0.09785178024350878,0.9989365744557771,0,0,0,0,0,0,0,0,0,0.0,0.0
706,3PZuoBAID5Wc2HD,168,14452.695593982446,0.8824173323545863,0.0978573863704751,0.9989938055583054,0,0,0,0,0,0,0,0,0,0.0,0.0
707,7JYdWkrLSPkdwr4,168,14079.431697902997,0.8596274984927395,0.09785860214871807,0.9990062170376909,0,0,0,0,0,0,0,0,0,0.0,0.0
708,McdE0feGgRqW7Ca,168,14423.894981477191,0.880658895010369,0.09784388888695854,0.9988560141975938,0,0,0,0,0,0,0,0,0,0.0,0.0
709,VHMLBKoKgIrUVDU,168,14520.02296631678,0.8865280423535186,0.09784052586489538,0.9988216822137379,0,0,0,0,0,0,0,0,0,0.0,0.0
710,WRmjgnKYAwPKWDb,168,14343.729276968714,0.8757643335315989,0.09785636884424552,0.9989834179683845,0,0,0,0,0,0,0,0,0,0.0,0.0
711,ZnxXDlPa8U1GXgE,168,14244.566951562183,0.869709922844935,0.09784425305521924,0.9988597318713445,0,0,0,0,0,0,0,0,0,0.0,0.0
712,ZoEaEvLYb1n2sOq,168,14269.071958256067,0.8712060895977414,0.09784554130160082,0.9988728831540731,0,0,0,0,0,0,0,0,0,0.0,0.0
713,adLQvlD726eNBSB,168,14652.369701271242,0.8946085455402722,0.0978442900673623,0.9988601097161145,0,0,0,0,0,0,0,0,0,0.0,0.0
714,bvBOhCH3iADSZry,168,13044.220760480976,0.7964221214830297,0.09790576093163582,0.9994876455098775,0,0,0,0,0,0,0,1,0,1.0,0.0
715,iCRJl6heRkivqQ3,168,14246.190354285874,0.8698090405971537,0.09785181173103327,0.9989368959015369,0,0,0,0,0,0,0,0,0,0.0,0.0
716,ih0vzX44oOqAx2f,168,13794.174326674987,0.8422109517373849,0.097862446523165,0.9990454629893883,0,0,0,0,0,0,0,0,0,0.0,0.0
717,pkci93gMrogZuBj,168,14307.509002174784,0.8735528845978707,0.09785866761717514,0.9990068853835921,0,0,0,0,0,0,0,0,0,0.0,0.0
718,rGa61gmuvPhdLxV,168,14193.03356718375,0.8665635235262256,0.09785601737003083,0.9989798298839658,0,0,0,0,0,0,0,0,0,0.0,0.0
719,sjndEbLyjtCKgGv,168,14167.593208785052,0.8650102483571512,0.09785154583837645,0.9989341814910365,0,0,0,0,0,0,0,0,0,0.0,0.0
720,uHbuxQJl8lW7ozc,168,14370.669654151263,0.8774091931781239,0.09785366623198385,0.9989558278905338,0,0,0,0,0,0,0,0,0,0.0,0.0
721,wCURE6d3bPkepu2,168,14270.744316179364,0.8713081963367798,0.09785046010068642,0.9989230975527971,0,0,0,0,0,0,0,0,0,0.0,0.0
722,z9Y9gH1T5YWrNuG,168,14165.750054395348,0.8648977135452814,0.09784909357221916,0.9989091471140561,0,0,0,0,0,0,0,0,0,0.0,0.0
723,zBIq5rxdHJRwDNY,168,13724.633003065406,0.8379650677174154,0.09785472855975048,0.9989666728445807,0,0,0,0,0,0,0,0,0,0.0,0.0
724,zVJPv84UY57bAof,168,14213.005173581247,0.8677829010136648,0.09785398612980262,0.9989590936219335,0,0,0,0,0,0,0,0,0,0.0,0.0
725,YxYtjZvoooNbGkE,168,14245.533742407508,0.8697689507953356,0.09783973731270397,0.9988136321443073,0,0,0,0,0,0,0,0,0,0.0,0.0
726,1BY6WEcLGh8j5v7,169,13362.039483646016,0.815826719611036,0.09788995324718718,0.9993262700692477,0,0,0,0,0,0,0,1,0,0.0,0.0
727,1IF53ai7Xc0U56Y,169,14629.496660043387,0.8932120193426594,0.09783877872855218,0.9988038462746325,0,0,0,0,0,0,0,0,0,0.0,0.0
728,3PZuoBAID5Wc2HD,169,14780.148254508014,0.9024101358627217,0.0978364874801244,0.9987804556745843,0,0,0,0,0,0,0,0,0,0.0,0.0
729,7JYdWkrLSPkdwr4,169,14377.168863782588,0.8778060060209596,0.09784523139511257,0.9988697194208737,0,0,0,0,0,0,0,0,0,0.0,0.0
730,McdE0feGgRqW7Ca,169,14607.752678332166,0.8918844284990267,0.0978362106700384,0.9987776298116476,0,0,0,0,0,0,0,0,0,0.0,0.0
731,VHMLBKoKgIrUVDU,169,14760.86281323469,0.9012326525668877,0.0978282402570468,0.9986962624923099,0,0,0,0,0,0,0,0,0,0.0,0.0
732,WRmjgnKYAwPKWDb,169,14633.746084054432,0.8934714702786793,0.09783540596441873,0.9987694148371917,0,0,0,0,0,0,0,0,0,0.0,0.0
733,ZnxXDlPa8U1GXgE,169,14402.713945651612,0.879365675139503,0.09785347765515119,0.9989539027718004,0,0,0,0,0,0,0,0,0,0.0,0.0
734,ZoEaEvLYb1n2sOq,169,14373.594592660344,0.8775877769184165,0.09783644806411224,0.9987800532895069,0,0,0,0,0,0,0,0,0,0.0,0.0
735,adLQvlD726eNBSB,169,14864.67319773266,0.9075708530751405,0.09782719485515007,0.9986855903288905,0,0,0,0,0,0,0,0,0,0.0,0.0
736,bvBOhCH3iADSZry,169,13218.218272774615,0.8070456359434336,0.0978588448800919,0.9990086950022868,0,0,0,0,0,0,0,1,0,1.0,0.0
737,iCRJl6heRkivqQ3,169,14488.992506679515,0.8846334604579272,0.09783914927790287,0.9988076290908278,0,0,0,0,0,0,0,0,0,0.0,0.0
738,ih0vzX44oOqAx2f,169,13966.197083812389,0.8527138964282471,0.09786221566322832,0.9990431062163818,0,0,0,0,0,0,0,0,0,0.0,0.0
739,pkci93gMrogZuBj,169,14386.363930894708,0.8783674159350573,0.09784023451199302,0.9988187078879819,0,0,0,0,0,0,0,0,0,0.0,0.0
740,rGa61gmuvPhdLxV,169,14491.823781260495,0.8848063254952253,0.09783458060507601,0.9987609890156843,0,0,0,0,0,0,0,0,0,0.0,0.0
741,sjndEbLyjtCKgGv,169,14369.878281782741,0.8773608754999587,0.09784089454720274,0.9988254459699032,0,0,0,0,0,0,0,0,0,0.0,0.0
742,uHbuxQJl8lW7ozc,169,14547.816145366203,0.8882249702902459,0.09782704278232526,0.9986840378675422,0,0,0,0,0,0,0,0,0,0.0,0.0
743,wCURE6d3bPkepu2,169,14232.372260478278,0.8689653692282637,0.0978473051567876,0.9988908897703425,0,0,0,0,0,0,0,0,0,0.0,0.0
744,z9Y9gH1T5YWrNuG,169,13958.143902641767,0.8522222049926019,0.09785627416240887,0.9989824513927195,0,0,0,0,0,0,0,0,0,0.0,0.0
745,zBIq5rxdHJRwDNY,169,14192.439087486313,0.8665272272391185,0.09784386506248703,0.9988557709814163,0,0,0,0,0,0,0,0,0,0.0,0.0
746,zVJPv84UY57bAof,169,14450.859628540335,0.8823052364678926,0.09784038750235402,0.9988202697161548,0,0,0,0,0,0,0,0,0,0.0,0.0
747,YxYtjZvoooNbGkE,169,14391.9867789088,0.8787107220340867,0.09783882677060972,0.9988043367201641,0,0,0,0,0,0,0,0,0,0.0,0.0
