,SOURCE_KEY,DAY,ERROR,norm_error,alarm_negative_trend,alarm_DC_conversion_fall,alarm_DC_conversion_jump,alarm_inefficient_inverter_day,alarm_inefficient_inverter_window
0,4UPUqMRk7TRMgml,136,128401.83042124027,0.7820808354938397,0,0,0,0,
1,81aHJ1q11NBPMrL,136,135733.61227068983,0.8267378785878885,0,0,0,0,
2,9kRcWv60rDACzjR,136,30239.31678827584,0.18418421342555516,0,0,0,0,
3,Et9kgGMDl729KT4,136,101307.4860177408,0.6170522884806854,0,0,0,0,
4,IQ2d7wF4YD8zU1Q,136,40521.29852974046,0.2468105859976307,0,0,0,0,
5,LYwnQax7tkwH5Cb,136,30348.77547045333,0.184850913715797,0,0,0,0,
6,LlT2YUhhzqhg5Sw,136,31159.636769032993,0.18978977696862104,0,0,0,0,
7,Mx2yZCDsyf6DPfv,136,63905.893990733726,0.38924347730315645,0,0,0,0,
8,NgDl19wMapZy17u,136,36133.57023645756,0.22008543575426626,0,0,0,0,
9,PeE6FRyGXUgsRhN,136,28020.062367784267,0.17066698905533048,0,0,0,0,
10,Qf4GUc1pJu5T6c6,136,81534.6277415653,0.49661807449790285,0,0,0,0,
11,Quc1TzYxW2pYoWX,136,95676.44902270056,0.5827542874060115,0,0,0,0,
12,V94E5Ben1TlhnDV,136,32192.811076391965,0.19608272328300946,0,0,0,0,
13,WcxssY2VbP4hApt,136,38557.361115542444,0.23484846825589237,0,0,0,0,
14,mqwcsP2rE7J0TFp,136,34529.10758623342,0.21031283760757827,0,0,0,0,
15,oZ35aAeoifZaQzV,136,84508.18141309542,0.5147296491708395,0,0,0,0,
16,oZZkBaNadn6DNKz,136,92613.70333696486,0.5640994543950867,0,0,0,0,
17,q49J1IKaHRwDQnt,136,25939.452629208998,0.15799423355532483,0,0,0,0,
18,rrq4fwE8jgrTyWY,136,88098.86275011156,0.5366000777374185,0,0,0,0,
19,vOuJvMaM2sgwLmb,136,37835.35954526679,0.23045083942570674,0,0,0,0,
20,xMbIugepa2P7lBB,136,36015.0685877797,0.21936365579130673,0,0,0,0,
21,xoJJ8DcxJEcupym,136,147701.92115705865,0.8996354765628727,0,0,0,1,
22,4UPUqMRk7TRMgml,137,52324.33497291783,0.31870152845975164,0,0,0,0,
23,81aHJ1q11NBPMrL,137,70990.25974900903,0.4323935373373425,0,0,0,0,
24,9kRcWv60rDACzjR,137,18506.483862374847,0.11272087254252382,0,0,0,0,
25,Et9kgGMDl729KT4,137,32844.215644025164,0.2000503538598303,0,0,0,0,
26,IQ2d7wF4YD8zU1Q,137,23757.01017933685,0.14470122667984897,0,0,0,0,
27,LYwnQax7tkwH5Cb,137,96989.19296526174,0.5907500603324534,0,0,0,0,
28,LlT2YUhhzqhg5Sw,137,16210.280846987725,0.09873496309835152,0,0,0,0,
29,Mx2yZCDsyf6DPfv,137,50865.871508568816,0.30981819462414123,0,0,0,0,
30,NgDl19wMapZy17u,137,19834.277821984673,0.12080831339822322,0,0,0,0,
31,PeE6FRyGXUgsRhN,137,100172.69921011275,0.6101404320709631,0,0,0,0,
32,Qf4GUc1pJu5T6c6,137,27061.371826688108,0.16482771482613306,0,0,0,0,
33,Quc1TzYxW2pYoWX,137,7644.472670435945,0.04656160705334763,0,0,0,0,
34,V94E5Ben1TlhnDV,137,18746.830235896916,0.11418479476228806,0,0,0,0,
35,WcxssY2VbP4hApt,137,24839.318068323915,0.15129344000970318,0,0,0,0,
36,mqwcsP2rE7J0TFp,137,21941.400366637918,0.1336425553619399,0,0,0,0,
37,oZ35aAeoifZaQzV,137,26530.770551669968,0.16159588326174723,0,0,0,0,
38,oZZkBaNadn6DNKz,137,39438.53213875959,0.2402155799846721,0,0,0,0,
39,q49J1IKaHRwDQnt,137,90175.52338658727,0.5492487797090645,0,0,0,0,
40,rrq4fwE8jgrTyWY,137,13827.774346096046,0.08422338901351169,0,0,0,0,
41,vOuJvMaM2sgwLmb,137,70957.37724502827,0.4321932537736111,0,0,0,0,
42,xMbIugepa2P7lBB,137,19743.855765729928,0.12025756301506448,0,0,0,0,
43,xoJJ8DcxJEcupym,137,99784.0199440558,0.6077730312002768,0,0,0,0,
44,4UPUqMRk7TRMgml,138,27003.97612423734,0.16447812417949514,0,0,0,0,
45,81aHJ1q11NBPMrL,138,27108.24925705326,0.16511323988278925,0,0,0,0,
46,9kRcWv60rDACzjR,138,10297.036836524365,0.06271807143091684,0,0,0,0,
47,Et9kgGMDl729KT4,138,46730.99769623785,0.2846331520495888,0,0,0,0,
48,IQ2d7wF4YD8zU1Q,138,9269.086890985252,0.05645694610571207,0,0,0,0,
49,LYwnQax7tkwH5Cb,138,29573.327736498148,0.18012775042705037,0,0,0,0,
50,LlT2YUhhzqhg5Sw,138,5422.419879112545,0.033027338127052386,0,0,0,0,
51,Mx2yZCDsyf6DPfv,138,23229.791266549684,0.14148999669622614,0,0,0,0,
52,NgDl19wMapZy17u,138,7713.893134900519,0.04698443914749076,0,0,0,0,
53,PeE6FRyGXUgsRhN,138,7434.2468398643505,0.04528114560917322,0,0,0,0,
54,Qf4GUc1pJu5T6c6,138,9805.420169235267,0.05972369064495141,0,0,0,0,
55,Quc1TzYxW2pYoWX,138,68416.07272822746,0.41671445917057814,0,0,0,1,
56,V94E5Ben1TlhnDV,138,32328.949362558164,0.1969119259839232,0,0,0,0,
57,WcxssY2VbP4hApt,138,10283.103855631,0.06263320724087956,0,0,0,0,
58,mqwcsP2rE7J0TFp,138,7447.025711456922,0.04535898025170908,0,0,0,0,
59,oZ35aAeoifZaQzV,138,42317.090901812706,0.25774855155556875,0,0,0,0,
60,oZZkBaNadn6DNKz,138,7636.29695572687,0.04651180971191211,0,0,0,0,
61,q49J1IKaHRwDQnt,138,24420.596502285258,0.14874305493238396,0,0,0,0,
62,rrq4fwE8jgrTyWY,138,46474.383871540165,0.28307014664880564,0,0,0,0,
63,vOuJvMaM2sgwLmb,138,38282.20901055651,0.23317254831418027,0,0,0,0,
64,xMbIugepa2P7lBB,138,8159.630984406224,0.04969937731160422,0,0,0,0,
65,xoJJ8DcxJEcupym,138,10970.794468660404,0.06682185196218052,0,0,0,0,
66,4UPUqMRk7TRMgml,139,26061.372975942828,0.1587368364163937,0,0,0,0,
67,81aHJ1q11NBPMrL,139,86254.27476261213,0.5253649036774168,0,0,0,0,
68,9kRcWv60rDACzjR,139,23236.49250085624,0.14153081314649105,0,0,0,0,
69,Et9kgGMDl729KT4,139,107697.7940454181,0.6559749224100699,0,0,0,1,
70,IQ2d7wF4YD8zU1Q,139,30706.627152416666,0.18703054730431062,0,0,0,0,
71,LYwnQax7tkwH5Cb,139,84166.5174833194,0.5126486133259398,0,0,0,0,
72,LlT2YUhhzqhg5Sw,139,64069.136103105906,0.3902377663036557,0,0,0,0,
73,Mx2yZCDsyf6DPfv,139,25149.09715486492,0.15318026892815162,0,0,0,0,
74,NgDl19wMapZy17u,139,26574.440350372286,0.1618618710015085,0,0,0,0,
75,PeE6FRyGXUgsRhN,139,33921.85297925951,0.20661411938197674,0,0,0,0,
76,Qf4GUc1pJu5T6c6,139,29843.92630193553,0.18177593528116362,0,0,0,0,
77,Quc1TzYxW2pYoWX,139,86154.64704020205,0.5247580826365857,0,0,0,0,
78,V94E5Ben1TlhnDV,139,64434.494610919995,0.39246312310821696,0,0,0,0,
79,WcxssY2VbP4hApt,139,27451.954438740275,0.16720670875917124,0,0,0,0,
80,mqwcsP2rE7J0TFp,139,28405.828984196323,0.17301664931079103,0,0,0,0,
81,oZ35aAeoifZaQzV,139,27556.16783245515,0.16784146059844637,0,0,0,0,
82,oZZkBaNadn6DNKz,139,35967.37838033458,0.2190731802025928,0,0,0,0,
83,q49J1IKaHRwDQnt,139,69893.89901806838,0.42571572975746813,0,0,0,0,
84,rrq4fwE8jgrTyWY,139,70344.6027698564,0.428460914663339,0,0,0,0,
85,vOuJvMaM2sgwLmb,139,64827.23070457465,0.3948552336509278,0,0,0,0,
86,xMbIugepa2P7lBB,139,27756.824878668645,0.1690636396735853,0,0,0,0,
87,xoJJ8DcxJEcupym,139,61084.35301273896,0.37205779452736615,0,0,0,0,
88,4UPUqMRk7TRMgml,140,101968.48103171853,0.6210783333672188,0,0,0,0,
89,81aHJ1q11NBPMrL,140,37639.85410098189,0.22926003816759138,0,0,0,0,
90,9kRcWv60rDACzjR,140,29161.47793870925,0.1776192205027026,0,0,0,0,
91,Et9kgGMDl729KT4,140,80393.883139877,0.48966992984726476,0,0,0,0,
92,IQ2d7wF4YD8zU1Q,140,42856.78504123776,0.2610357667151032,0,0,0,0,
93,LYwnQax7tkwH5Cb,140,78476.14716187671,0.4779892197591712,0,0,0,0,
94,LlT2YUhhzqhg5Sw,140,30491.154534855083,0.18571812828181097,0,0,0,0,
95,Mx2yZCDsyf6DPfv,140,39336.86047727022,0.23959630954512467,0,0,0,0,
96,NgDl19wMapZy17u,140,37187.68885861579,0.226505951490082,0,0,0,0,
97,PeE6FRyGXUgsRhN,140,92061.11848480227,0.5607337233814182,0,0,0,0,
98,Qf4GUc1pJu5T6c6,140,105020.2474903605,0.6396662931640286,0,0,0,0,
99,Quc1TzYxW2pYoWX,140,81591.01375478606,0.49696151524314136,0,0,0,0,
100,V94E5Ben1TlhnDV,140,34033.8012917572,0.2072959837252115,0,0,0,0,
101,WcxssY2VbP4hApt,140,37368.227685839214,0.22760559279870482,0,0,0,0,
102,mqwcsP2rE7J0TFp,140,36932.532105919,0.2249518209478901,0,0,0,0,
103,oZ35aAeoifZaQzV,140,41868.57767223002,0.255016708869438,0,0,0,0,
104,oZZkBaNadn6DNKz,140,93572.03394245535,0.5699365362977551,0,0,0,0,
105,q49J1IKaHRwDQnt,140,71056.66268281899,0.4327979899980481,0,0,0,0,
106,rrq4fwE8jgrTyWY,140,56539.5967655156,0.34437620501042787,0,0,0,0,
107,vOuJvMaM2sgwLmb,140,34114.56381857761,0.2077878990214739,0,0,0,0,
108,xMbIugepa2P7lBB,140,39925.26442392106,0.24318021055880087,0,0,0,0,
109,xoJJ8DcxJEcupym,140,19084.56439334672,0.11624189481426253,0,0,0,0,
110,4UPUqMRk7TRMgml,141,9715.349850919472,0.05917508265727306,0,0,0,0,
111,81aHJ1q11NBPMrL,141,43748.910703147354,0.2664696018928635,0,0,0,0,
112,9kRcWv60rDACzjR,141,41861.415574712584,0.254973085354166,0,0,0,0,
113,Et9kgGMDl729KT4,141,4496.262654950367,0.02738622060329789,0,0,0,0,
114,IQ2d7wF4YD8zU1Q,141,12674.429544584445,0.07719849798961037,0,0,0,0,
115,LYwnQax7tkwH5Cb,141,24592.36401443117,0.1497892711659771,0,0,0,0,
116,LlT2YUhhzqhg5Sw,141,38400.09519745912,0.23389057956999273,0,0,0,0,
117,Mx2yZCDsyf6DPfv,141,9422.784616402205,0.057393101338961056,0,0,0,0,
118,NgDl19wMapZy17u,141,11088.214292747938,0.06753704265552694,0,0,0,0,
119,PeE6FRyGXUgsRhN,141,59679.188705673936,0.36349909975120703,0,0,0,0,
120,Qf4GUc1pJu5T6c6,141,10034.866146763434,0.06112121980179624,0,0,0,0,
121,Quc1TzYxW2pYoWX,141,17122.09047037747,0.10428869102989673,0,0,0,0,
122,V94E5Ben1TlhnDV,141,128078.46650239878,0.7801112629185387,0,0,0,1,
123,WcxssY2VbP4hApt,141,137668.92295111628,0.8385256341745697,0,0,0,1,
124,mqwcsP2rE7J0TFp,141,10635.625974935694,0.06478037907395545,0,0,0,0,
125,oZ35aAeoifZaQzV,141,10562.664402882137,0.06433597849926434,0,0,0,0,
126,oZZkBaNadn6DNKz,141,50347.12382075778,0.3066585619011279,0,0,0,0,
127,q49J1IKaHRwDQnt,141,33215.642369820234,0.20231267148475487,0,0,0,0,
128,rrq4fwE8jgrTyWY,141,65213.969328157546,0.39721081429068333,0,0,0,0,
129,vOuJvMaM2sgwLmb,141,133243.95129579288,0.811573638880744,0,0,0,1,
130,xMbIugepa2P7lBB,141,11608.317938386923,0.07070493436229067,0,0,0,0,
131,xoJJ8DcxJEcupym,141,64751.079472034115,0.3943914052197146,0,0,0,0,
132,4UPUqMRk7TRMgml,142,56811.88076659627,0.3460346556599098,0,0,0,0,0.0
133,81aHJ1q11NBPMrL,142,85632.5233497114,0.521577887068108,0,0,0,1,0.0
134,9kRcWv60rDACzjR,142,47500.16944502426,0.2893180890318393,0,0,0,0,0.0
135,Et9kgGMDl729KT4,142,40456.82941571746,0.24641791201165056,0,0,0,0,0.0
136,LYwnQax7tkwH5Cb,142,54134.350627085136,0.3297261263990808,0,0,0,0,0.0
137,LlT2YUhhzqhg5Sw,142,39411.1806627227,0.24004898527834476,0,0,0,0,0.0
138,Mx2yZCDsyf6DPfv,142,54381.62991032741,0.33123227617750667,0,0,0,0,0.0
139,PeE6FRyGXUgsRhN,142,56519.15061292702,0.3442516698379412,0,0,0,0,0.0
140,Qf4GUc1pJu5T6c6,142,58241.4412030979,0.3547419444649079,0,0,0,0,0.0
141,Quc1TzYxW2pYoWX,142,36196.37559538518,0.2204679759986106,0,0,0,0,0.0
142,V94E5Ben1TlhnDV,142,54852.537452483404,0.3341005200553509,0,0,0,0,0.0
143,WcxssY2VbP4hApt,142,57603.03580250981,0.35085349032498064,0,0,0,0,0.0
144,oZ35aAeoifZaQzV,142,44254.19751458062,0.2695472459603454,0,0,0,0,0.0
145,oZZkBaNadn6DNKz,142,54859.7205621644,0.3341442715533033,0,0,0,0,0.0
146,q49J1IKaHRwDQnt,142,54370.050530148386,0.3311617474997207,0,0,0,0,0.0
147,rrq4fwE8jgrTyWY,142,54291.05540297861,0.3306805972322035,0,0,0,0,0.0
148,vOuJvMaM2sgwLmb,142,55868.557240235044,0.34028898015655235,0,0,0,0,0.0
149,xoJJ8DcxJEcupym,142,62555.90669726236,0.3810208593940468,0,0,0,0,0.0
150,4UPUqMRk7TRMgml,143,64873.79714948052,0.3951388645307874,0,0,0,0,0.0
151,81aHJ1q11NBPMrL,143,112396.57470922265,0.684594656998703,0,0,0,0,0.0
152,9kRcWv60rDACzjR,143,114479.20527065184,0.6972797210991453,0,1,0,0,0.0
153,Et9kgGMDl729KT4,143,103855.69457826646,0.6325731348229101,0,0,0,0,0.0
154,LYwnQax7tkwH5Cb,143,50597.69481843375,0.308184761134971,0,0,0,0,0.0
155,LlT2YUhhzqhg5Sw,143,82271.44795126173,0.5011059619627283,0,0,0,0,0.0
156,Mx2yZCDsyf6DPfv,143,62632.89480506356,0.3814897851365749,0,0,0,0,0.0
157,PeE6FRyGXUgsRhN,143,52432.77734408751,0.3193620385161043,0,0,0,0,0.0
158,Qf4GUc1pJu5T6c6,143,65823.94615484103,0.400926113244596,0,0,0,0,0.0
159,Quc1TzYxW2pYoWX,143,89496.0443013645,0.5451101504626724,0,0,0,0,0.0
160,V94E5Ben1TlhnDV,143,66629.99176251248,0.4058356446759294,0,0,0,0,0.0
161,WcxssY2VbP4hApt,143,164179.74280134586,1.0,0,1,0,1,0.0
162,oZ35aAeoifZaQzV,143,64579.16233927766,0.3933442776641277,0,0,0,0,0.0
163,oZZkBaNadn6DNKz,143,60815.489879594454,0.37042017999248517,0,0,0,0,0.0
164,q49J1IKaHRwDQnt,143,47705.21274280649,0.2905669842626616,0,0,0,0,0.0
165,rrq4fwE8jgrTyWY,143,44691.81762819455,0.2722127399253557,0,0,0,0,0.0
166,vOuJvMaM2sgwLmb,143,113591.90101158748,0.6918752525336294,0,0,0,0,0.0
167,xoJJ8DcxJEcupym,143,99425.98196008406,0.6055922628675784,0,0,0,0,0.0
168,4UPUqMRk7TRMgml,144,56639.26901302751,0.344983297248552,0,0,0,0,0.0
169,81aHJ1q11NBPMrL,144,80275.49990030458,0.488948871100598,0,0,0,0,0.0
170,9kRcWv60rDACzjR,144,88048.10321618157,0.5362909072328002,0,0,0,0,0.0
171,Et9kgGMDl729KT4,144,74976.43875587558,0.4566728968907909,0,0,0,0,0.0
172,LYwnQax7tkwH5Cb,144,117528.79253807473,0.7158544076919536,0,0,0,0,0.0
173,LlT2YUhhzqhg5Sw,144,110382.40747230792,0.6723265951626468,0,1,0,0,0.0
174,Mx2yZCDsyf6DPfv,144,55422.4001429712,0.33757148840238577,0,0,0,0,0.0
175,PeE6FRyGXUgsRhN,144,43273.3115536929,0.26357278197257705,0,0,0,0,0.0
176,Qf4GUc1pJu5T6c6,144,53259.03955182919,0.32439470694183964,0,0,0,0,0.0
177,Quc1TzYxW2pYoWX,144,76819.68888460421,0.46789992220632526,0,0,0,0,0.0
178,V94E5Ben1TlhnDV,144,50144.87865264728,0.3054267097574977,0,0,0,0,0.0
179,WcxssY2VbP4hApt,144,115055.46567008064,0.7007896571582245,0,0,0,0,0.0
180,oZ35aAeoifZaQzV,144,54960.21798840462,0.33475638986050404,0,0,0,0,0.0
181,oZZkBaNadn6DNKz,144,50579.050991721226,0.3080712037228664,0,0,0,0,0.0
182,q49J1IKaHRwDQnt,144,113304.30885174994,0.6901235616433256,0,0,0,0,0.0
183,rrq4fwE8jgrTyWY,144,119720.20194739301,0.7292020312898895,0,1,0,0,0.0
184,vOuJvMaM2sgwLmb,144,50677.47506602324,0.3086706934809975,0,0,0,0,0.0
185,xoJJ8DcxJEcupym,144,48076.37475433738,0.29282768954333677,0,0,0,0,0.0
186,4UPUqMRk7TRMgml,145,68708.99529056142,0.41849861693167534,0,0,0,0,0.0
187,81aHJ1q11NBPMrL,145,68791.4968461898,0.41900112445313126,0,0,0,0,0.0
188,9kRcWv60rDACzjR,145,57898.7951267512,0.3526549264777907,0,0,0,0,0.0
189,Et9kgGMDl729KT4,145,80469.89434857068,0.4901329054092722,0,0,0,0,0.0
190,LYwnQax7tkwH5Cb,145,63909.211776900425,0.38926368555851176,0,0,0,0,0.0
191,LlT2YUhhzqhg5Sw,145,57021.97801129023,0.34731433390223826,0,0,0,0,0.0
192,Mx2yZCDsyf6DPfv,145,76564.75372127358,0.46634714133957056,0,0,0,0,0.0
193,PeE6FRyGXUgsRhN,145,55008.33589529381,0.3350494705175216,0,0,0,0,0.0
194,Qf4GUc1pJu5T6c6,145,67634.04139718301,0.411951195946377,0,0,0,0,0.0
195,Quc1TzYxW2pYoWX,145,60684.11165012143,0.3696199702514333,0,0,0,0,0.0
196,V94E5Ben1TlhnDV,145,62509.52860510771,0.38073837574921143,0,0,0,0,0.0
197,WcxssY2VbP4hApt,145,66938.03955333421,0.40771192847054144,0,0,0,0,0.0
198,oZ35aAeoifZaQzV,145,73535.63319923803,0.44789711534762633,0,0,0,0,0.0
199,oZZkBaNadn6DNKz,145,63696.33638696582,0.387967085951871,0,0,0,0,0.0
200,q49J1IKaHRwDQnt,145,50124.07703973869,0.30530000951693415,0,0,0,0,0.0
201,rrq4fwE8jgrTyWY,145,65232.163671146525,0.3973216339489343,0,0,0,0,0.0
202,vOuJvMaM2sgwLmb,145,94305.20606776675,0.5744022036986264,0,0,0,1,0.0
203,xoJJ8DcxJEcupym,145,58250.271828609584,0.35479573079299576,0,0,0,0,0.0
204,4UPUqMRk7TRMgml,146,12850.4586511238,0.07827067110631665,0,0,0,0,0.0
205,81aHJ1q11NBPMrL,146,9068.88930525947,0.0552375655517541,0,0,0,0,0.0
206,9kRcWv60rDACzjR,146,8051.756170342177,0.04904232418054545,0,0,0,0,0.0
207,Et9kgGMDl729KT4,146,27808.60277670359,0.1693790129172722,0,0,0,0,0.0
208,LYwnQax7tkwH5Cb,146,122773.58950743114,0.7477998650295408,0,0,0,0,0.0
209,LlT2YUhhzqhg5Sw,146,8133.949348686118,0.049542953411298926,0,0,0,0,0.0
210,Mx2yZCDsyf6DPfv,146,12435.233626363535,0.07574158306125449,0,0,0,0,0.0
211,PeE6FRyGXUgsRhN,146,7513.151287431611,0.045761743557622525,0,0,0,0,0.0
212,Qf4GUc1pJu5T6c6,146,12601.196269064241,0.07675244250023848,0,0,0,0,0.0
213,Quc1TzYxW2pYoWX,146,160856.60065260364,0.9797591219718065,0,0,0,1,0.0
214,V94E5Ben1TlhnDV,146,10183.12728763067,0.06202426142153266,0,0,0,0,0.0
215,WcxssY2VbP4hApt,146,11227.984600679105,0.0683883675848167,0,0,0,0,0.0
216,oZ35aAeoifZaQzV,146,12537.443308390737,0.0763641305222459,0,0,0,0,0.0
217,oZZkBaNadn6DNKz,146,11000.03598389221,0.06699995868066397,0,0,0,0,0.0
218,q49J1IKaHRwDQnt,146,79267.93058194981,0.4828118818401512,0,0,0,0,0.0
219,rrq4fwE8jgrTyWY,146,150222.35212168106,0.9149871327514932,0,1,0,1,0.0
220,vOuJvMaM2sgwLmb,146,10822.813179829483,0.06592051488912896,0,0,0,0,0.0
221,xoJJ8DcxJEcupym,146,8386.08953101099,0.05107871036902517,0,0,0,0,0.0
222,4UPUqMRk7TRMgml,147,20521.798338596374,0.12499592208173534,0,0,0,0,0.0
223,81aHJ1q11NBPMrL,147,161769.99156859654,0.9853224813753968,0,0,0,1,0.0
224,9kRcWv60rDACzjR,147,14010.385178783434,0.08533565066998378,0,0,0,0,0.0
225,Et9kgGMDl729KT4,147,5007.3089465544,0.030498945004519478,0,0,0,0,0.0
226,LYwnQax7tkwH5Cb,147,154867.87652136706,0.9432824895380305,0,0,0,1,0.0
227,LlT2YUhhzqhg5Sw,147,13658.57867854672,0.08319283759064797,0,0,0,0,0.0
228,Mx2yZCDsyf6DPfv,147,19505.432434804872,0.11880535382739665,0,0,0,0,0.0
229,PeE6FRyGXUgsRhN,147,61406.36490280917,0.3740191320503506,0,0,0,0,0.0
230,Qf4GUc1pJu5T6c6,147,18863.358231986986,0.11489455343349675,0,0,0,0,0.0
231,Quc1TzYxW2pYoWX,147,4712.221069690439,0.028701598560744068,0,0,0,0,0.0
232,V94E5Ben1TlhnDV,147,17722.790818002886,0.10794748801286101,0,0,0,0,0.0
233,WcxssY2VbP4hApt,147,17161.0028474124,0.10452570185943624,0,0,0,0,0.0
234,oZ35aAeoifZaQzV,147,19108.190765797543,0.1163858003415078,0,0,0,0,0.0
235,oZZkBaNadn6DNKz,147,17997.33896946655,0.10961972934287613,0,0,0,0,0.0
236,q49J1IKaHRwDQnt,147,150658.1626123342,0.9176416045104147,0,1,0,0,0.0
237,rrq4fwE8jgrTyWY,147,39337.50886779403,0.23960025881750596,0,0,0,0,0.0
238,vOuJvMaM2sgwLmb,147,16592.101238228297,0.10106058734849159,0,0,0,0,0.0
239,xoJJ8DcxJEcupym,147,82381.8989478203,0.5017787063261557,0,0,0,0,0.0
240,4UPUqMRk7TRMgml,148,86836.27762711146,0.5289098164332099,0,0,0,0,0.0
241,81aHJ1q11NBPMrL,148,120684.98842741807,0.7350784351845675,0,0,0,1,0.0
242,9kRcWv60rDACzjR,148,90359.32691461692,0.550368305936195,0,0,0,0,0.0
243,Et9kgGMDl729KT4,148,57667.92317409557,0.35124871186984735,0,0,0,0,0.0
244,LYwnQax7tkwH5Cb,148,62909.27946715826,0.3831732124423974,0,0,0,0,0.0
245,LlT2YUhhzqhg5Sw,148,71861.68555439859,0.4377012920610417,0,0,0,0,0.0
246,Mx2yZCDsyf6DPfv,148,83041.9143322148,0.5057987844011537,0,0,0,0,0.0
247,PeE6FRyGXUgsRhN,148,66097.11490008797,0.40258995276941156,0,0,0,0,0.0
248,Qf4GUc1pJu5T6c6,148,84974.45287230339,0.5175696551986974,0,0,0,0,0.0
249,Quc1TzYxW2pYoWX,148,24719.37016669659,0.15056285108575498,0,0,0,0,0.0
250,V94E5Ben1TlhnDV,148,59074.307569720135,0.3598148380656123,0,0,0,0,0.0
251,WcxssY2VbP4hApt,148,90949.48959820964,0.5539629192150499,0,0,0,0,0.0
252,oZ35aAeoifZaQzV,148,84423.85566301383,0.5142160306900041,0,0,0,0,0.0
253,oZZkBaNadn6DNKz,148,63947.464696852105,0.38949667971052454,0,0,0,0,0.0
254,q49J1IKaHRwDQnt,148,68102.47022926432,0.4148043422851924,0,0,0,0,0.0
255,rrq4fwE8jgrTyWY,148,59283.04661693045,0.3610862436827041,0,0,0,0,0.0
256,vOuJvMaM2sgwLmb,148,90597.7993635811,0.5518208142962107,0,0,0,0,0.0
257,xoJJ8DcxJEcupym,148,74880.66726336967,0.4560895637044197,0,0,0,0,0.0
258,4UPUqMRk7TRMgml,149,100160.28098414316,0.6100647940795904,0,0,0,0,0.0
259,81aHJ1q11NBPMrL,149,39205.704526500616,0.2387974536781844,0,0,0,0,0.0
260,9kRcWv60rDACzjR,149,39008.09029586403,0.23759380804404734,0,0,0,0,0.0
261,Et9kgGMDl729KT4,149,29460.687328829998,0.17944167061143973,0,0,0,0,0.0
262,LYwnQax7tkwH5Cb,149,103895.30101073161,0.6328143730645431,0,0,0,0,0.0
263,LlT2YUhhzqhg5Sw,149,38434.44705050097,0.23409981277048209,0,0,0,0,0.0
264,Mx2yZCDsyf6DPfv,149,100878.72828356712,0.6144407742533031,0,0,0,0,0.0
265,PeE6FRyGXUgsRhN,149,37788.00677176334,0.23016241910846494,0,0,0,0,0.0
266,Qf4GUc1pJu5T6c6,149,94967.24490357295,0.5784346063843052,0,0,0,0,0.0
267,Quc1TzYxW2pYoWX,149,61904.877653425065,0.3770555160896354,0,0,0,0,0.0
268,V94E5Ben1TlhnDV,149,42932.486934071814,0.2614968582696542,0,0,0,0,0.0
269,WcxssY2VbP4hApt,149,41723.89746117717,0.2541354782828612,0,0,0,0,0.0
270,oZ35aAeoifZaQzV,149,98081.46214136614,0.5974029467206725,0,0,0,0,0.0
271,oZZkBaNadn6DNKz,149,43259.31707863406,0.26348754322862444,0,0,0,0,0.0
272,q49J1IKaHRwDQnt,149,42527.0790810219,0.25902756549252726,0,0,0,0,0.0
273,rrq4fwE8jgrTyWY,149,100320.03910446556,0.611037862483746,0,0,0,0,0.0
274,vOuJvMaM2sgwLmb,149,44397.65075212258,0.27042100319186657,0,0,0,0,0.0
275,xoJJ8DcxJEcupym,149,42871.795611693495,0.26112719437968357,0,0,0,0,0.0
276,4UPUqMRk7TRMgml,150,21905.919530512543,0.13342644565485925,0,0,0,0,0.0
277,81aHJ1q11NBPMrL,150,58552.51839517156,0.3566366799954055,0,0,0,0,0.0
278,9kRcWv60rDACzjR,150,24700.314888048506,0.15044678756705926,0,0,0,0,0.0
279,Et9kgGMDl729KT4,150,67261.53470301518,0.4096823003578478,0,0,0,0,0.0
280,IQ2d7wF4YD8zU1Q,150,53.373024044045316,0.00032508897342241295,0,0,0,0,0.0
281,LYwnQax7tkwH5Cb,150,15957.857646699651,0.09719748231064251,0,0,0,0,0.0
282,LlT2YUhhzqhg5Sw,150,23442.179774300388,0.14278363075927672,0,0,0,0,0.0
283,Mx2yZCDsyf6DPfv,150,20997.03671238269,0.1278905445587686,0,0,0,0,0.0
284,NgDl19wMapZy17u,150,2.2273381525861136,1.3566461456095393e-05,0,0,0,0,0.0
285,PeE6FRyGXUgsRhN,150,36668.47151792737,0.22334345816521026,0,0,0,0,0.0
286,Qf4GUc1pJu5T6c6,150,20565.72595566364,0.12526348016361405,0,0,0,0,0.0
287,Quc1TzYxW2pYoWX,150,63293.56063561695,0.3855138250045919,0,0,0,0,0.0
288,V94E5Ben1TlhnDV,150,18320.360504019613,0.11158721649471016,0,0,0,0,0.0
289,WcxssY2VbP4hApt,150,10241.469897368304,0.0623796195719485,0,0,0,0,0.0
290,mqwcsP2rE7J0TFp,150,1.8441973015329942,1.1232794436548943e-05,0,0,0,0,0.0
291,oZ35aAeoifZaQzV,150,21054.225395593232,0.1282388742749367,0,0,0,0,0.0
292,oZZkBaNadn6DNKz,150,37438.66468276766,0.22803461647560067,0,0,0,0,0.0
293,q49J1IKaHRwDQnt,150,18422.278474840623,0.11220798717617193,0,0,0,0,0.0
294,rrq4fwE8jgrTyWY,150,11549.318197392386,0.07034557370068989,0,0,0,0,0.0
295,vOuJvMaM2sgwLmb,150,55927.71084655197,0.3406492779942003,0,0,0,0,0.0
296,xMbIugepa2P7lBB,150,40.79710128948616,0.00024849046900292577,0,0,0,0,0.0
297,xoJJ8DcxJEcupym,150,45178.25667537336,0.27517558442053436,0,0,0,0,0.0
298,4UPUqMRk7TRMgml,151,17771.377760815212,0.10824342551393942,0,0,0,0,0.0
299,81aHJ1q11NBPMrL,151,21379.24934931194,0.13021855793245088,0,0,0,0,0.0
300,9kRcWv60rDACzjR,151,13488.017861061073,0.08215397119595504,0,0,0,0,0.0
301,Et9kgGMDl729KT4,151,52653.78979818876,0.3207082000481556,0,0,0,0,0.0
302,IQ2d7wF4YD8zU1Q,151,16865.213036926085,0.10272408001840184,0,0,0,0,0.0
303,LYwnQax7tkwH5Cb,151,12130.753209209632,0.07388702773086687,0,0,0,0,0.0
304,LlT2YUhhzqhg5Sw,151,13497.455537202593,0.08221145499986707,0,0,0,0,0.0
305,Mx2yZCDsyf6DPfv,151,16911.053902745905,0.10300329147919263,0,0,0,0,0.0
306,NgDl19wMapZy17u,151,13945.18718637905,0.084938537169305,0,0,0,0,0.0
307,PeE6FRyGXUgsRhN,151,97784.1662311612,0.5955921513988364,0,0,0,0,0.0
308,Qf4GUc1pJu5T6c6,151,14214.71379961854,0.08658019288541616,0,0,0,0,0.0
309,Quc1TzYxW2pYoWX,151,85743.18568155642,0.5222519186505483,0,0,0,0,0.0
310,V94E5Ben1TlhnDV,151,87559.4464263353,0.5333145547211658,0,0,0,0,0.0
311,WcxssY2VbP4hApt,151,32642.54389509022,0.1988219943466901,0,0,0,0,0.0
312,mqwcsP2rE7J0TFp,151,13556.91006094601,0.08257358569107758,0,0,0,0,0.0
313,oZ35aAeoifZaQzV,151,17898.605248965094,0.10901835356522663,0,0,0,0,0.0
314,oZZkBaNadn6DNKz,151,115898.67352949582,0.7059255396064961,0,1,0,1,0.0
315,q49J1IKaHRwDQnt,151,11231.428310618052,0.06840934282743914,0,0,0,0,0.0
316,rrq4fwE8jgrTyWY,151,9058.354249062451,0.05517339773167312,0,0,0,0,0.0
317,vOuJvMaM2sgwLmb,151,42104.359865932136,0.25645283119292955,0,0,0,0,0.0
318,xMbIugepa2P7lBB,151,14722.889268232548,0.08967543143277391,0,0,0,0,0.0
319,xoJJ8DcxJEcupym,151,72187.57319788465,0.43968623635395837,0,0,0,0,0.0
320,4UPUqMRk7TRMgml,152,3082.3941606080098,0.018774509619847828,0,0,0,0,0.0
321,81aHJ1q11NBPMrL,152,1510.9548621347558,0.00920305292451932,0,0,0,0,0.0
322,9kRcWv60rDACzjR,152,1298.9433097328126,0.007911714853302625,0,0,0,0,0.0
323,Et9kgGMDl729KT4,152,2326.2259599998238,0.014168775759470582,0,0,0,0,0.0
324,IQ2d7wF4YD8zU1Q,152,3679.703555712205,0.02241265269957556,0,0,0,0,0.0
325,LYwnQax7tkwH5Cb,152,1555.0506911336963,0.009471635565998395,0,0,0,0,0.0
326,LlT2YUhhzqhg5Sw,152,1383.9313281337727,0.008429367134581893,0,0,0,0,0.0
327,Mx2yZCDsyf6DPfv,152,2040.13499355367,0.012426228466091531,0,0,0,0,0.0
328,NgDl19wMapZy17u,152,2938.13601068831,0.01789584975926899,0,0,0,0,0.0
329,PeE6FRyGXUgsRhN,152,1472.2747337182934,0.008967456694701463,0,0,0,0,0.0
330,Qf4GUc1pJu5T6c6,152,2611.333734493159,0.015905334543329257,0,0,0,0,0.0
331,Quc1TzYxW2pYoWX,152,6129.4472632855795,0.03733376090558313,0,0,0,0,0.0
332,V94E5Ben1TlhnDV,152,3255.3301494377897,0.01982784291102632,0,0,0,0,0.0
333,WcxssY2VbP4hApt,152,146376.79468950085,0.8915642830955935,0,1,0,1,0.0
334,mqwcsP2rE7J0TFp,152,3215.7121725730362,0.01958653435377824,0,0,0,0,0.0
335,oZ35aAeoifZaQzV,152,2225.3242348804183,0.0135541949141254,0,0,0,0,0.0
336,oZZkBaNadn6DNKz,152,2906.9253251500045,0.017705749050096423,0,0,0,0,0.0
337,q49J1IKaHRwDQnt,152,1048.0611214305643,0.0063836201930142925,0,0,0,0,0.0
338,rrq4fwE8jgrTyWY,152,1954.9430906962064,0.011907334347950879,0,0,0,0,0.0
339,vOuJvMaM2sgwLmb,152,1495.2694572253133,0.009107514920610875,0,0,0,0,0.0
340,xMbIugepa2P7lBB,152,2381.1778135264426,0.014503481202352835,0,0,0,0,0.0
341,xoJJ8DcxJEcupym,152,2336.72499601093,0.014232724184726734,0,0,0,0,0.0
342,4UPUqMRk7TRMgml,153,1125.161084679579,0.006853227234257524,0,0,0,0,0.0
343,81aHJ1q11NBPMrL,153,871.5771386876339,0.005308676477476424,0,0,0,0,0.0
344,9kRcWv60rDACzjR,153,844.6599947295327,0.005144727238070741,0,0,0,0,0.0
345,Et9kgGMDl729KT4,153,2146.915036737075,0.013076613473166408,0,0,0,0,0.0
346,IQ2d7wF4YD8zU1Q,153,1894.4389679624742,0.01153881066956419,0,0,0,0,0.0
347,LYwnQax7tkwH5Cb,153,2350.8828825623987,0.014318958249355519,0,0,0,0,0.0
348,LlT2YUhhzqhg5Sw,153,1244.3492267784495,0.00757918854997895,0,0,0,0,0.0
349,Mx2yZCDsyf6DPfv,153,1211.2906969818237,0.007377832833173948,0,0,0,0,0.0
350,NgDl19wMapZy17u,153,2381.366749894051,0.014504631992117665,0,0,0,0,0.0
351,PeE6FRyGXUgsRhN,153,1285.238504948203,0.007828240457797009,0,0,0,0,0.0
352,Qf4GUc1pJu5T6c6,153,969.3667022722891,0.005904301503536907,0,0,0,0,0.0
353,Quc1TzYxW2pYoWX,153,3265.1755072336496,0.019887809857178577,0,0,0,0,0.0
354,V94E5Ben1TlhnDV,153,2051.3619602431804,0.012494610633696062,0,0,0,0,0.0
355,WcxssY2VbP4hApt,153,1220.2252098204958,0.007432251927065956,0,0,0,0,0.0
356,mqwcsP2rE7J0TFp,153,2577.279756137957,0.0156979156634227,0,0,0,0,0.0
357,oZ35aAeoifZaQzV,153,1285.3625540135045,0.007828996026438944,0,0,0,0,0.0
358,oZZkBaNadn6DNKz,153,1816.9258272852749,0.011066687011952006,0,0,0,0,0.0
359,q49J1IKaHRwDQnt,153,4482.116628279927,0.027300058775845425,0,0,0,1,0.0
360,rrq4fwE8jgrTyWY,153,2666.0730990311936,0.016238745740131216,0,0,0,0,0.0
361,vOuJvMaM2sgwLmb,153,904.5857244030894,0.005509727990606123,0,0,0,0,0.0
362,xMbIugepa2P7lBB,153,1110.1382536192255,0.006761724891739355,0,0,0,0,0.0
363,xoJJ8DcxJEcupym,153,1082.9857332419176,0.006596342001536136,0,0,0,0,0.0
364,4UPUqMRk7TRMgml,154,27653.668298485423,0.16843532476443088,0,0,0,0,0.0
365,81aHJ1q11NBPMrL,154,51989.19390059664,0.3166602225921532,0,0,0,0,0.0
366,9kRcWv60rDACzjR,154,25105.842532816914,0.15291680998181653,0,0,0,0,0.0
367,Et9kgGMDl729KT4,154,28961.8047204972,0.17640303381118336,0,0,0,0,0.0
368,IQ2d7wF4YD8zU1Q,154,29812.831402288295,0.18158653981058562,0,0,0,0,0.0
369,LYwnQax7tkwH5Cb,154,49793.85687637254,0.3032886763418925,0,0,0,0,0.0
370,LlT2YUhhzqhg5Sw,154,52405.41923098124,0.3191954033841479,0,0,0,0,0.0
371,Mx2yZCDsyf6DPfv,154,25996.594225642275,0.15834227647132829,0,0,0,0,0.0
372,NgDl19wMapZy17u,154,25458.549810879256,0.15506510959566785,0,0,0,0,0.0
373,PeE6FRyGXUgsRhN,154,26966.243704797118,0.16424830033645335,0,0,0,0,0.0
374,Qf4GUc1pJu5T6c6,154,24213.188192909118,0.14747975468695051,0,0,0,0,0.0
375,Quc1TzYxW2pYoWX,154,22774.889913411374,0.13871924468153496,0,0,0,0,0.0
376,V94E5Ben1TlhnDV,154,27717.763068259937,0.16882571866248972,0,0,0,0,0.0
377,WcxssY2VbP4hApt,154,56653.14172361981,0.34506779433909185,0,0,0,0,0.0
378,mqwcsP2rE7J0TFp,154,25758.456095468835,0.1568918044087573,0,0,0,0,0.0
379,oZ35aAeoifZaQzV,154,29330.26288072259,0.17864727024339178,0,0,0,0,0.0
380,oZZkBaNadn6DNKz,154,29453.288969735408,0.17939660805397464,0,0,0,0,0.0
381,q49J1IKaHRwDQnt,154,55712.60679298479,0.33933910385275673,0,0,0,0,0.0
382,rrq4fwE8jgrTyWY,154,50434.50046206554,0.30719076301081955,0,0,0,0,0.0
383,vOuJvMaM2sgwLmb,154,57503.682284550945,0.3502483394320408,0,0,0,0,0.0
384,xMbIugepa2P7lBB,154,25669.765107720104,0.15635159776550508,0,0,0,0,0.0
385,xoJJ8DcxJEcupym,154,33309.420575230506,0.20288386378783785,0,0,0,0,0.0
386,4UPUqMRk7TRMgml,155,18883.376312915978,0.1150164812705577,0,0,0,0,0.0
387,81aHJ1q11NBPMrL,155,21896.729219302084,0.1333704685223967,0,0,0,0,0.0
388,9kRcWv60rDACzjR,155,25185.182239657504,0.1534000590446232,0,0,0,0,0.0
389,Et9kgGMDl729KT4,155,24768.515336946683,0.1508621886861894,0,0,0,0,0.0
390,IQ2d7wF4YD8zU1Q,155,16944.52120478063,0.10320713698085857,0,0,0,0,0.0
391,LYwnQax7tkwH5Cb,155,24503.524340325825,0.14924815889116472,0,0,0,0,0.0
392,LlT2YUhhzqhg5Sw,155,24925.235798575544,0.15181675505932893,0,0,0,0,0.0
393,Mx2yZCDsyf6DPfv,155,26792.653602595048,0.16319098291567927,0,0,0,0,0.0
394,NgDl19wMapZy17u,155,18119.070930213817,0.11036118476648805,0,0,0,0,0.0
395,PeE6FRyGXUgsRhN,155,26172.52535019094,0.15941385279095704,0,0,0,0,0.0
396,Qf4GUc1pJu5T6c6,155,18101.63027848305,0.11025495575532515,0,0,0,0,0.0
397,Quc1TzYxW2pYoWX,155,23312.364984136748,0.1419929437479034,0,0,0,0,0.0
398,V94E5Ben1TlhnDV,155,21975.792406848945,0.13385203333787168,0,0,0,0,0.0
399,WcxssY2VbP4hApt,155,14762.433623367911,0.08991629156850461,0,0,0,0,0.0
400,mqwcsP2rE7J0TFp,155,18084.922655248127,0.11015319153673249,0,0,0,0,0.0
401,oZ35aAeoifZaQzV,155,23842.773805286048,0.14522360309782748,0,0,0,0,0.0
402,oZZkBaNadn6DNKz,155,23784.067471599577,0.1448660295465185,0,0,0,0,0.0
403,q49J1IKaHRwDQnt,155,21726.582400167972,0.1323341237442228,0,0,0,0,0.0
404,rrq4fwE8jgrTyWY,155,23718.501793615585,0.14446667651510753,0,0,0,0,0.0
405,vOuJvMaM2sgwLmb,155,19384.287339046277,0.11806747293118171,0,0,0,0,0.0
406,xMbIugepa2P7lBB,155,14445.919373182893,0.0879884395400848,0,0,0,0,0.0
407,xoJJ8DcxJEcupym,155,25960.66386868593,0.1581234287843769,0,0,0,0,0.0
408,4UPUqMRk7TRMgml,156,28346.933556057145,0.172657924006839,0,0,0,0,0.0
409,81aHJ1q11NBPMrL,156,32380.990712224633,0.19722890388130873,0,0,0,0,0.0
410,9kRcWv60rDACzjR,156,65827.27571187615,0.400946393194962,0,0,0,0,0.0
411,Et9kgGMDl729KT4,156,66047.3746612752,0.402286990674551,0,0,0,0,0.0
412,IQ2d7wF4YD8zU1Q,156,29125.91791890853,0.17740262849692912,0,0,0,0,0.0
413,LYwnQax7tkwH5Cb,156,65780.87104362121,0.4006637476781452,0,1,0,0,0.0
414,LlT2YUhhzqhg5Sw,156,65936.85044052136,0.40161380031094096,0,0,0,0,0.0
415,Mx2yZCDsyf6DPfv,156,27277.891281774428,0.16614651001603847,0,0,0,0,0.0
416,NgDl19wMapZy17u,156,25973.70967523055,0.15820288929711757,0,0,0,0,0.0
417,PeE6FRyGXUgsRhN,156,28515.371639451,0.17368386107142353,0,0,0,0,0.0
418,Qf4GUc1pJu5T6c6,156,27741.213900181247,0.16896855499248498,0,0,0,0,0.0
419,Quc1TzYxW2pYoWX,156,18117.200660446855,0.11034979316765223,0,0,0,0,0.0
420,V94E5Ben1TlhnDV,156,58554.97123245049,0.3566516199462001,0,0,0,0,0.0
421,WcxssY2VbP4hApt,156,55749.59139643095,0.33956437283427116,0,0,0,0,0.0
422,mqwcsP2rE7J0TFp,156,26709.802090221197,0.1626863438477883,0,0,0,0,0.0
423,oZ35aAeoifZaQzV,156,57863.88626443811,0.35244230059765796,0,0,0,0,0.0
424,oZZkBaNadn6DNKz,156,58239.29940848882,0.3547288990393729,0,0,0,0,0.0
425,q49J1IKaHRwDQnt,156,37645.891814037306,0.2292968131859487,0,0,0,0,0.0
426,rrq4fwE8jgrTyWY,156,23758.222920985292,0.14470861335026122,0,0,0,0,0.0
427,vOuJvMaM2sgwLmb,156,24965.155385308204,0.15205990068772085,0,0,0,0,0.0
428,xMbIugepa2P7lBB,156,26347.362034760983,0.16047876300208824,0,0,0,0,0.0
429,xoJJ8DcxJEcupym,156,32298.339090215304,0.19672548232272258,0,0,0,0,0.0
430,4UPUqMRk7TRMgml,157,36932.11449599791,0.22494927733371475,0,0,0,0,0.0
431,81aHJ1q11NBPMrL,157,29052.953812886626,0.17695821248812715,0,0,0,0,0.0
432,9kRcWv60rDACzjR,157,75343.13702466933,0.4589064140259556,0,0,0,0,0.0
433,Et9kgGMDl729KT4,157,81826.11996646161,0.49839352023757005,0,0,0,0,0.0
434,IQ2d7wF4YD8zU1Q,157,40541.02487825639,0.24693073692599338,0,0,0,0,0.0
435,LYwnQax7tkwH5Cb,157,82238.80562308595,0.5009071412823032,0,0,0,0,0.0
436,LlT2YUhhzqhg5Sw,157,80718.40137676419,0.4916465332415084,0,0,0,0,0.0
437,Mx2yZCDsyf6DPfv,157,37258.1833862111,0.2269353255796773,0,0,0,0,0.0
438,NgDl19wMapZy17u,157,36617.58734711937,0.2230335285116502,0,0,0,0,0.0
439,PeE6FRyGXUgsRhN,157,27733.90614405691,0.16892404428732946,0,0,0,0,0.0
440,Qf4GUc1pJu5T6c6,157,34315.945233165716,0.20901449014137702,0,0,0,0,0.0
441,Quc1TzYxW2pYoWX,157,55517.295439156245,0.3381494847773701,0,0,0,0,0.0
442,V94E5Ben1TlhnDV,157,26111.925828930358,0.15904474805107507,0,0,0,0,0.0
443,WcxssY2VbP4hApt,157,75497.85783856119,0.4598488007738693,0,0,0,0,0.0
444,mqwcsP2rE7J0TFp,157,34585.38395971376,0.21065561054972154,0,0,0,0,0.0
445,oZ35aAeoifZaQzV,157,35859.39958213431,0.21841549371607588,0,0,0,0,0.0
446,oZZkBaNadn6DNKz,157,28894.593190901538,0.1759936560862043,0,0,0,0,0.0
447,q49J1IKaHRwDQnt,157,85831.99360058847,0.5227928375088481,0,1,0,0,0.0
448,rrq4fwE8jgrTyWY,157,80742.51796183428,0.4917934245976441,0,0,0,0,0.0
449,vOuJvMaM2sgwLmb,157,75627.37370376413,0.4606376670675609,0,0,0,0,0.0
450,xMbIugepa2P7lBB,157,39158.01427293805,0.23850697780857444,0,0,0,0,0.0
451,xoJJ8DcxJEcupym,157,27573.750621576473,0.1679485553521676,0,0,0,0,0.0
452,4UPUqMRk7TRMgml,158,46670.77828134798,0.2842663624940543,0,0,0,0,0.0
453,81aHJ1q11NBPMrL,158,45456.97328628238,0.27687321535936615,0,0,0,0,0.0
454,9kRcWv60rDACzjR,158,41677.39540801511,0.2538522396057345,0,0,0,0,0.0
455,Et9kgGMDl729KT4,158,97622.2272866319,0.5946057998443377,0,0,0,0,0.0
456,IQ2d7wF4YD8zU1Q,158,45107.7177655563,0.27474594000391217,0,0,0,0,0.0
457,LYwnQax7tkwH5Cb,158,74428.89871454133,0.4533378932417916,0,0,0,0,0.0
458,LlT2YUhhzqhg5Sw,158,67182.55918615656,0.40920126953448877,0,0,0,0,0.0
459,Mx2yZCDsyf6DPfv,158,43862.36333497537,0.26716062887275893,0,0,0,0,0.0
460,NgDl19wMapZy17u,158,41758.577330746935,0.25434670939443466,0,0,0,0,0.0
461,PeE6FRyGXUgsRhN,158,99336.59779187223,0.6050478341415573,0,1,0,0,0.0
462,Qf4GUc1pJu5T6c6,158,45746.83620986369,0.27863873721142585,0,0,0,0,0.0
463,Quc1TzYxW2pYoWX,158,75680.13765944097,0.46095904627535195,0,0,0,0,0.0
464,V94E5Ben1TlhnDV,158,96112.98351296216,0.5854131689635848,0,1,0,0,0.0
465,WcxssY2VbP4hApt,158,46344.933517501224,0.282281679376107,0,0,0,0,0.0
466,mqwcsP2rE7J0TFp,158,48979.54711408806,0.2983288088918029,0,0,0,0,0.0
467,oZ35aAeoifZaQzV,158,45830.4631837361,0.2791480995264442,0,0,0,0,0.0
468,oZZkBaNadn6DNKz,158,97686.45762393791,0.5949970194686962,0,1,0,0,0.0
469,q49J1IKaHRwDQnt,158,75412.49254867776,0.459328850575222,0,0,0,0,0.0
470,rrq4fwE8jgrTyWY,158,94526.95859395883,0.5757528729249779,0,0,0,0,0.0
471,vOuJvMaM2sgwLmb,158,41829.36089347431,0.2547778439638987,0,0,0,0,0.0
472,xMbIugepa2P7lBB,158,41650.6190699872,0.25368914799911463,0,0,0,0,0.0
473,xoJJ8DcxJEcupym,158,99465.28204962694,0.6058316352095758,0,1,0,0,0.0
474,4UPUqMRk7TRMgml,159,52498.98027683082,0.3197652729932311,0,0,0,0,0.0
475,81aHJ1q11NBPMrL,159,89535.79891781206,0.5453522912759619,0,1,0,0,0.0
476,9kRcWv60rDACzjR,159,86097.50871425313,0.5244100596407277,0,0,0,0,0.0
477,Et9kgGMDl729KT4,159,71647.27253555058,0.43639532693288674,0,0,0,0,0.0
478,IQ2d7wF4YD8zU1Q,159,53151.00800760599,0.3237366991853412,1,0,0,0,0.0
479,LYwnQax7tkwH5Cb,159,84217.40600181672,0.5129585694607773,1,0,0,0,0.0
480,LlT2YUhhzqhg5Sw,159,52455.82145971679,0.3195023975837705,0,0,0,0,0.0
481,Mx2yZCDsyf6DPfv,159,52306.156296295485,0.31859080422354463,1,0,0,0,0.0
482,NgDl19wMapZy17u,159,51615.04669316536,0.3143813348253232,1,0,0,0,0.0
483,PeE6FRyGXUgsRhN,159,46818.85994174288,0.2851683109188004,0,0,0,0,0.0
484,Qf4GUc1pJu5T6c6,159,49956.58970583781,0.30427986335856466,1,0,0,0,0.0
485,Quc1TzYxW2pYoWX,159,68029.23449379149,0.414358271812531,0,0,0,0,0.0
486,V94E5Ben1TlhnDV,159,89579.89792175467,0.545620893255659,0,0,0,0,0.0
487,WcxssY2VbP4hApt,159,89672.74198827705,0.5461863958258191,0,0,0,0,0.0
488,mqwcsP2rE7J0TFp,159,42666.383056336665,0.25987605004328773,1,0,0,0,0.0
489,oZ35aAeoifZaQzV,159,52126.48651690965,0.31749645618571615,0,0,0,0,0.0
490,oZZkBaNadn6DNKz,159,48806.14909640334,0.29727266143581293,0,0,0,0,0.0
491,q49J1IKaHRwDQnt,159,76840.57839125062,0.46802715779757403,1,0,0,0,0.0
492,rrq4fwE8jgrTyWY,159,63518.592539249745,0.38688446854314995,1,0,0,0,0.0
493,vOuJvMaM2sgwLmb,159,89474.8770766286,0.5449812233223643,0,0,0,0,0.0
494,xMbIugepa2P7lBB,159,50223.25409187799,0.3059040855767883,1,0,0,0,0.0
495,xoJJ8DcxJEcupym,159,51579.93063295357,0.3141674469265324,0,0,0,0,0.0
496,4UPUqMRk7TRMgml,160,47106.52908798994,0.2869204707245027,1,0,0,0,0.0
497,81aHJ1q11NBPMrL,160,43803.58029784064,0.26680258812953606,0,0,0,0,0.0
498,9kRcWv60rDACzjR,160,103746.41403313992,0.6319075195450329,1,0,0,0,0.0
499,Et9kgGMDl729KT4,160,102157.11493960676,0.6222272808845534,0,0,0,0,0.0
500,IQ2d7wF4YD8zU1Q,160,50412.42080754519,0.3070562783652499,1,0,0,0,0.0
501,LYwnQax7tkwH5Cb,160,115577.52726769818,0.7039694745261273,1,0,0,0,0.0
502,LlT2YUhhzqhg5Sw,160,112997.38467433713,0.688254121649232,1,0,0,0,0.0
503,Mx2yZCDsyf6DPfv,160,43125.81453591805,0.26267439453903524,1,0,0,0,0.0
504,NgDl19wMapZy17u,160,47909.47551756471,0.29181112541718496,1,0,0,0,0.0
505,PeE6FRyGXUgsRhN,160,36789.943379172844,0.22408332935256164,0,0,0,0,0.0
506,Qf4GUc1pJu5T6c6,160,44944.63549119232,0.27375262455840493,1,0,0,0,0.0
507,Quc1TzYxW2pYoWX,160,98675.86064180179,0.6010233598745344,0,0,0,0,0.0
508,V94E5Ben1TlhnDV,160,45859.39361543417,0.2793243114707708,0,0,0,0,0.0
509,WcxssY2VbP4hApt,160,105054.53517975124,0.6398751355510716,0,0,0,0,0.0
510,mqwcsP2rE7J0TFp,160,48051.57105300668,0.29267661304079456,1,0,0,0,0.0
511,oZ35aAeoifZaQzV,160,84159.33391760763,0.5126048590503562,1,0,0,0,0.0
512,oZZkBaNadn6DNKz,160,43769.50214162478,0.26659502198505075,0,0,0,0,0.0
513,q49J1IKaHRwDQnt,160,115429.68879411354,0.7030690073243756,1,0,0,0,0.0
514,rrq4fwE8jgrTyWY,160,97311.20986779251,0.5927114283857606,1,0,0,0,0.0
515,vOuJvMaM2sgwLmb,160,40297.48603319434,0.24544736972790535,0,0,0,0,0.0
516,xMbIugepa2P7lBB,160,42324.80782186391,0.2577955544313166,1,0,0,0,0.0
517,xoJJ8DcxJEcupym,160,42984.79682658085,0.2618154718307214,0,0,0,0,0.0
518,4UPUqMRk7TRMgml,161,33615.6766267765,0.20474923430383724,1,0,0,0,0.0
519,81aHJ1q11NBPMrL,161,50731.64813662807,0.30900065544634414,0,0,0,0,0.0
520,9kRcWv60rDACzjR,161,60508.858779381255,0.36855252509803077,1,0,0,0,0.0
521,Et9kgGMDl729KT4,161,53389.22507659075,0.3251876520551663,0,0,0,0,0.0
522,IQ2d7wF4YD8zU1Q,161,35989.15053195098,0.21920579188321132,1,0,0,0,0.0
523,LYwnQax7tkwH5Cb,161,69640.35668742303,0.42417143247499445,1,0,0,0,0.0
524,LlT2YUhhzqhg5Sw,161,67742.20258252574,0.41260999333207893,0,0,0,0,0.0
525,Mx2yZCDsyf6DPfv,161,32007.25218718052,0.19495250535206796,1,0,0,0,0.0
526,NgDl19wMapZy17u,161,33548.430322706765,0.20433964477152142,1,0,0,0,0.0
527,PeE6FRyGXUgsRhN,161,31061.345109455713,0.18919109373340479,0,0,0,0,0.0
528,Qf4GUc1pJu5T6c6,161,35990.995255783455,0.2192170278846875,1,0,0,0,0.0
529,Quc1TzYxW2pYoWX,161,46643.96689212297,0.2841030573946094,1,0,0,0,0.0
530,V94E5Ben1TlhnDV,161,26100.621768602356,0.15897589631495268,0,0,0,0,0.0
531,WcxssY2VbP4hApt,161,58166.13267184501,0.35428324883067236,0,0,0,0,0.0
532,mqwcsP2rE7J0TFp,161,33760.51462267365,0.20563142593982,1,0,0,0,0.0
533,oZ35aAeoifZaQzV,161,33216.72636854844,0.20231927399679267,0,0,0,0,0.0
534,oZZkBaNadn6DNKz,161,27282.721390717546,0.16617592965612746,0,0,0,0,0.0
535,q49J1IKaHRwDQnt,161,64906.45503016406,0.3953377799397551,1,0,0,0,0.0
536,rrq4fwE8jgrTyWY,161,65140.23033324608,0.3967616785224498,1,0,0,0,0.0
537,vOuJvMaM2sgwLmb,161,25667.165131738817,0.15633576160973503,0,0,0,0,0.0
538,xMbIugepa2P7lBB,161,32393.367151442555,0.19730428735436545,1,0,0,0,0.0
539,xoJJ8DcxJEcupym,161,36268.50374204855,0.22090730027475255,0,0,0,0,0.0
540,4UPUqMRk7TRMgml,162,18063.66089913646,0.11002368861664695,0,0,0,0,0.0
541,81aHJ1q11NBPMrL,162,16034.380623753997,0.09766357499509103,0,0,0,0,0.0
542,9kRcWv60rDACzjR,162,28007.138096358743,0.17058826879907352,0,0,0,0,0.0
543,Et9kgGMDl729KT4,162,50317.12141926976,0.30647582071164803,0,0,0,0,0.0
544,IQ2d7wF4YD8zU1Q,162,19301.31722226035,0.11756211145740769,0,0,0,0,0.0
545,LYwnQax7tkwH5Cb,162,53183.96962380269,0.3239374646125144,0,0,0,0,0.0
546,LlT2YUhhzqhg5Sw,162,15969.389767201921,0.0972677231351529,0,0,0,0,0.0
547,Mx2yZCDsyf6DPfv,162,17924.967319579504,0.1091789219165019,0,0,0,0,0.0
548,NgDl19wMapZy17u,162,51609.089937422345,0.3143450529086788,1,0,0,0,0.0
549,PeE6FRyGXUgsRhN,162,27188.52351294477,0.16560218117677483,0,0,0,0,0.0
550,Qf4GUc1pJu5T6c6,162,18302.37349869729,0.1114776597064279,0,0,0,0,0.0
551,Quc1TzYxW2pYoWX,162,48838.98237782613,0.2974726451905842,0,0,0,0,0.0
552,V94E5Ben1TlhnDV,162,13329.854632543735,0.08119061709502486,0,0,0,0,0.0
553,WcxssY2VbP4hApt,162,34529.36025447708,0.21031437658089708,0,0,0,0,0.0
554,mqwcsP2rE7J0TFp,162,51529.91398987633,0.3138628012849702,1,0,0,0,0.0
555,oZ35aAeoifZaQzV,162,17127.192118992793,0.10431976458701331,0,0,0,0,0.0
556,oZZkBaNadn6DNKz,162,13738.883695972958,0.0836819662496166,0,0,0,0,0.0
557,q49J1IKaHRwDQnt,162,13938.038389675528,0.08489499466776648,0,0,0,0,0.0
558,rrq4fwE8jgrTyWY,162,52205.685651094354,0.3179788490365841,0,0,0,0,0.0
559,vOuJvMaM2sgwLmb,162,12962.104799314622,0.07895069500138337,0,0,0,0,0.0
560,xMbIugepa2P7lBB,162,17909.379674245687,0.10908397935496629,0,0,0,0,0.0
561,xoJJ8DcxJEcupym,162,26624.088689344877,0.16216427334497338,0,0,0,0,0.0
562,4UPUqMRk7TRMgml,163,98.47556347395543,0.0005998033727772911,0,0,0,0,0.0
563,81aHJ1q11NBPMrL,163,173.5061007139182,0.0010568057773354964,0,0,0,0,0.0
564,9kRcWv60rDACzjR,163,21.835257021649635,0.00013299604841061208,0,0,0,0,0.0
565,Et9kgGMDl729KT4,163,1383.8733468963048,0.008429013977508561,0,0,1,1,0.0
566,IQ2d7wF4YD8zU1Q,163,134.26717722890717,0.0008178059907875951,0,0,1,0,0.0
567,LYwnQax7tkwH5Cb,163,138.29703278630947,0.0008423513792054484,0,0,1,0,0.0
568,LlT2YUhhzqhg5Sw,163,38.256699899682665,0.0002330171752429439,0,0,0,0,0.0
569,Mx2yZCDsyf6DPfv,163,116.22212202024728,0.0007078956272996096,0,0,1,0,0.0
570,NgDl19wMapZy17u,163,118.81370378536216,0.0007236806548608395,0,0,1,0,0.0
571,PeE6FRyGXUgsRhN,163,51.06068890694124,0.000311004805073447,0,0,0,0,0.0
572,Qf4GUc1pJu5T6c6,163,63.365620100966986,0.0003859527309507245,0,0,1,0,0.0
573,Quc1TzYxW2pYoWX,163,2230.2174124100966,0.013583998697748078,0,0,0,1,0.0
574,V94E5Ben1TlhnDV,163,173.05213094004182,0.00105404069946334,0,0,0,0,0.0
575,WcxssY2VbP4hApt,163,88.6277529854559,0.0005398214875552197,0,0,0,0,0.0
576,mqwcsP2rE7J0TFp,163,147.02628875880262,0.0008955202770460022,0,0,1,0,0.0
577,oZ35aAeoifZaQzV,163,148.97309226841608,0.000907378034138295,0,0,0,0,0.0
578,oZZkBaNadn6DNKz,163,143.5716959591804,0.0008744787481662657,0,0,0,0,0.0
579,q49J1IKaHRwDQnt,163,34.37354320912178,0.00020936531281275707,0,0,0,0,0.0
580,rrq4fwE8jgrTyWY,163,201.0625945831922,0.001224649223786846,0,0,0,0,0.0
581,vOuJvMaM2sgwLmb,163,70.28559642800478,0.00042810151379667416,0,0,0,0,0.0
582,xMbIugepa2P7lBB,163,43.83788306400705,0.000267011522347492,0,0,1,0,0.0
583,xoJJ8DcxJEcupym,163,200.52466013037406,0.001221372726676791,0,0,0,0,0.0
584,4UPUqMRk7TRMgml,164,3914.361030228419,0.023841924487387683,0,0,0,0,0.0
585,81aHJ1q11NBPMrL,164,1035.2041551161929,0.006305309884476849,0,0,0,0,0.0
586,9kRcWv60rDACzjR,164,857.4740033145531,0.005222775896001245,0,0,0,0,0.0
587,Et9kgGMDl729KT4,164,8020.288077799632,0.04885065563480641,0,0,0,1,0.0
588,IQ2d7wF4YD8zU1Q,164,1091.5864232193842,0.0066487278186333956,0,0,0,0,0.0
589,LYwnQax7tkwH5Cb,164,701.7666289061932,0.004274380121031841,0,0,0,0,0.0
590,LlT2YUhhzqhg5Sw,164,779.437051877407,0.004747461767073847,0,0,0,0,0.0
591,Mx2yZCDsyf6DPfv,164,3716.4263035480963,0.022636326748573948,0,0,0,0,0.0
592,NgDl19wMapZy17u,164,941.6484283205554,0.005735472673141721,0,0,0,0,0.0
593,PeE6FRyGXUgsRhN,164,832.6068074056857,0.005071312655259321,0,0,0,0,0.0
594,Qf4GUc1pJu5T6c6,164,4748.678827366211,0.028923658585042467,0,0,0,0,0.0
595,Quc1TzYxW2pYoWX,164,7085.99617077507,0.04315999068989273,0,0,0,1,0.0
596,V94E5Ben1TlhnDV,164,1878.4369992968343,0.011441344512091877,0,0,0,0,0.0
597,WcxssY2VbP4hApt,164,1111.8621887845825,0.0067722251832853285,0,0,0,0,0.0
598,mqwcsP2rE7J0TFp,164,915.4701278902529,0.005576023644999573,0,0,0,0,0.0
599,oZ35aAeoifZaQzV,164,3667.805790887193,0.022340184777394634,0,0,0,0,0.0
600,oZZkBaNadn6DNKz,164,420.91546602514063,0.002563747870737255,0,0,0,0,0.0
601,q49J1IKaHRwDQnt,164,742.0153713124491,0.0045195305989136104,0,0,0,0,0.0
602,rrq4fwE8jgrTyWY,164,732.3941713857611,0.004460928972656164,0,0,0,0,0.0
603,vOuJvMaM2sgwLmb,164,1038.6882390717406,0.006326531040607928,0,0,0,0,0.0
604,xMbIugepa2P7lBB,164,920.9716510983145,0.005609532792438782,0,0,0,0,0.0
605,xoJJ8DcxJEcupym,164,1128.3852082841056,0.006872865001679463,0,0,0,0,0.0
606,4UPUqMRk7TRMgml,165,25496.919011622824,0.1552988120006594,0,0,0,0,0.0
607,81aHJ1q11NBPMrL,165,26325.682231679963,0.16034671380581647,0,0,0,0,0.0
608,9kRcWv60rDACzjR,165,53983.333275485995,0.3288062970156113,0,0,0,0,0.0
609,Et9kgGMDl729KT4,165,18076.2998106128,0.1101006707781529,0,0,0,0,0.0
610,IQ2d7wF4YD8zU1Q,165,50220.393897189126,0.3058866644586889,0,0,0,0,0.0
611,LYwnQax7tkwH5Cb,165,19525.7679327117,0.1189292150148967,0,0,0,0,0.0
612,LlT2YUhhzqhg5Sw,165,52999.57657480108,0.32281434768069706,0,0,0,0,0.0
613,Mx2yZCDsyf6DPfv,165,50387.239580684545,0.30690290239796564,0,0,0,0,0.0
614,NgDl19wMapZy17u,165,39362.590755753634,0.2397530297229273,0,0,0,0,0.0
615,PeE6FRyGXUgsRhN,165,23824.091353861193,0.14510981042702606,0,0,0,0,0.0
616,Qf4GUc1pJu5T6c6,165,42806.138250781994,0.2607272829180671,0,0,0,0,0.0
617,Quc1TzYxW2pYoWX,165,12148.384137457839,0.07399441569449366,0,0,0,0,0.0
618,V94E5Ben1TlhnDV,165,41901.4361862082,0.25521684631281266,0,0,0,0,0.0
619,WcxssY2VbP4hApt,165,27109.270318399183,0.16511945905044356,0,0,0,0,0.0
620,mqwcsP2rE7J0TFp,165,24525.61530778442,0.14938271244254486,0,0,0,0,0.0
621,oZ35aAeoifZaQzV,165,42674.15387047954,0.2599233811817722,0,0,0,0,0.0
622,oZZkBaNadn6DNKz,165,23546.79794102021,0.14342084802454194,0,0,0,0,0.0
623,q49J1IKaHRwDQnt,165,21027.148121321847,0.12807394970014216,0,0,0,0,0.0
624,rrq4fwE8jgrTyWY,165,17506.34778199045,0.10662915828277776,0,0,0,0,0.0
625,vOuJvMaM2sgwLmb,165,25055.953418114528,0.152612941100972,0,0,0,0,0.0
626,xMbIugepa2P7lBB,165,50341.78338273123,0.3066260339050705,0,0,0,0,0.0
627,xoJJ8DcxJEcupym,165,26849.345801361036,0.16353628860198788,0,0,0,0,0.0
628,4UPUqMRk7TRMgml,166,92361.48535022337,0.5625632235395744,0,1,0,0,0.0
629,81aHJ1q11NBPMrL,166,33912.523860044785,0.20655729678586626,0,0,0,0,0.0
630,9kRcWv60rDACzjR,166,30271.075841805432,0.184377654181325,0,0,0,0,0.0
631,Et9kgGMDl729KT4,166,88628.34821003122,0.5398251129999011,0,0,0,0,0.0
632,IQ2d7wF4YD8zU1Q,166,36347.93028856263,0.22139107826805945,0,0,0,0,0.0
633,LYwnQax7tkwH5Cb,166,26060.022828501533,0.15872861282304254,0,0,0,0,0.0
634,LlT2YUhhzqhg5Sw,166,29574.483725682225,0.18013479142470548,0,0,0,0,0.0
635,Mx2yZCDsyf6DPfv,166,73018.55257234917,0.4447476365016611,0,0,0,0,0.0
636,NgDl19wMapZy17u,166,34123.09032103849,0.20783983297090883,0,0,0,0,0.0
637,PeE6FRyGXUgsRhN,166,29475.087454550707,0.1795293801270901,0,0,0,0,0.0
638,Qf4GUc1pJu5T6c6,166,93236.38325449328,0.5678921264196851,0,0,0,0,0.0
639,Quc1TzYxW2pYoWX,166,80742.76461981026,0.49179492696311117,0,0,0,0,0.0
640,V94E5Ben1TlhnDV,166,68653.33948256327,0.4181596237827733,0,0,0,0,0.0
641,WcxssY2VbP4hApt,166,33545.40033223942,0.20432118944679228,0,0,0,0,0.0
642,mqwcsP2rE7J0TFp,166,34524.188313864506,0.21028287488328004,0,0,0,0,0.0
643,oZ35aAeoifZaQzV,166,70925.48694776699,0.43199901362731075,0,0,0,0,0.0
644,oZZkBaNadn6DNKz,166,68003.97066502136,0.41420439272648135,0,0,0,0,0.0
645,q49J1IKaHRwDQnt,166,30339.75492357051,0.18479597059840078,0,0,0,0,0.0
646,rrq4fwE8jgrTyWY,166,27048.171835825528,0.16474731519437977,0,0,0,0,0.0
647,vOuJvMaM2sgwLmb,166,30306.50525209878,0.1845934506595557,0,0,0,0,0.0
648,xMbIugepa2P7lBB,166,36987.507943828365,0.22528667247689926,0,0,0,0,0.0
649,xoJJ8DcxJEcupym,166,34828.130262848725,0.21213415046574932,0,0,0,0,0.0
650,4UPUqMRk7TRMgml,167,42370.47242312109,0.25807369228485455,0,0,0,0,0.0
651,81aHJ1q11NBPMrL,167,25884.990477454314,0.15766251082982036,0,0,0,0,0.0
652,9kRcWv60rDACzjR,167,23897.887870476876,0.14555929655336855,0,0,0,0,0.0
653,Et9kgGMDl729KT4,167,49676.63927729749,0.3025747173779241,0,0,0,0,0.0
654,IQ2d7wF4YD8zU1Q,167,25905.984420870718,0.1577903825334678,0,0,0,0,0.0
655,LYwnQax7tkwH5Cb,167,13056.801407712977,0.0795274811918267,0,0,0,0,0.0
656,LlT2YUhhzqhg5Sw,167,22353.918294220963,0.13615515478830265,0,0,0,0,0.0
657,Mx2yZCDsyf6DPfv,167,41170.87953573632,0.25076710946948094,0,0,0,0,0.0
658,NgDl19wMapZy17u,167,26510.30958517004,0.16147125785942407,0,0,0,0,0.0
659,PeE6FRyGXUgsRhN,167,36194.121680937715,0.22045424766398777,0,0,0,0,0.0
660,Qf4GUc1pJu5T6c6,167,49169.048727791465,0.299483041505827,0,0,0,0,0.0
661,Quc1TzYxW2pYoWX,167,48285.635637649546,0.29410227360432756,0,0,0,0,0.0
662,V94E5Ben1TlhnDV,167,43090.26765072368,0.2624578825346439,0,0,0,0,0.0
663,WcxssY2VbP4hApt,167,27488.485137937238,0.1674292130619168,0,0,0,0,0.0
664,mqwcsP2rE7J0TFp,167,27670.40880904879,0.16853728929597253,0,0,0,0,0.0
665,oZ35aAeoifZaQzV,167,41777.64539325931,0.2544628507781828,0,0,0,0,0.0
666,oZZkBaNadn6DNKz,167,38155.195147459264,0.23239892142860932,0,0,0,0,0.0
667,q49J1IKaHRwDQnt,167,20656.42280193855,0.12581590426129732,0,0,0,0,0.0
668,rrq4fwE8jgrTyWY,167,24609.973633224858,0.14989652933615827,0,0,0,0,0.0
669,vOuJvMaM2sgwLmb,167,25154.49563858683,0.153213150473888,0,0,0,0,0.0
670,xMbIugepa2P7lBB,167,24424.689806394013,0.14876798677865752,0,0,0,0,0.0
671,xoJJ8DcxJEcupym,167,26398.316156148427,0.16078911871661203,0,0,0,0,0.0
672,4UPUqMRk7TRMgml,168,10596.719588823637,0.06454340473444066,0,0,0,1,0.0
673,81aHJ1q11NBPMrL,168,832.2450535688986,0.005069109254092925,0,0,0,0,0.0
674,9kRcWv60rDACzjR,168,510.02630557992046,0.003106511783229201,0,0,0,0,0.0
675,Et9kgGMDl729KT4,168,11224.636058112672,0.068367971995755,0,0,0,1,0.0
676,IQ2d7wF4YD8zU1Q,168,849.517510402094,0.005174313809408222,0,0,0,0,0.0
677,LYwnQax7tkwH5Cb,168,718.2453538916826,0.004374750146616716,0,0,0,0,0.0
678,LlT2YUhhzqhg5Sw,168,551.1794020017013,0.003357170577789351,0,0,0,0,0.0
679,Mx2yZCDsyf6DPfv,168,1650.2121084771295,0.010051252854463615,0,0,0,0,0.0
680,NgDl19wMapZy17u,168,917.767635665523,0.005590017501586679,0,0,0,0,0.0
681,PeE6FRyGXUgsRhN,168,741.3925465090555,0.0045157370444058095,0,0,0,0,0.0
682,Qf4GUc1pJu5T6c6,168,10700.028728414314,0.06517264886546406,0,0,0,1,0.0
683,Quc1TzYxW2pYoWX,168,8865.232005443886,0.05399711227572476,0,0,0,0,0.0
684,V94E5Ben1TlhnDV,168,784.7678191889504,0.004779930859914329,0,0,0,0,0.0
685,WcxssY2VbP4hApt,168,863.0511908603365,0.0052567459062511195,0,0,0,0,0.0
686,mqwcsP2rE7J0TFp,168,774.8166368896846,0.004719319348838284,0,0,0,0,0.0
687,oZ35aAeoifZaQzV,168,931.1224593135171,0.005671360202093606,0,0,0,0,0.0
688,oZZkBaNadn6DNKz,168,933.7846403764012,0.0056875752418875545,0,0,0,0,0.0
689,q49J1IKaHRwDQnt,168,2696.2958296411307,0.016422828929045123,0,0,0,0,0.0
690,rrq4fwE8jgrTyWY,168,737.358562389768,0.0044911665093906065,0,0,0,0,0.0
691,vOuJvMaM2sgwLmb,168,876.6185914339738,0.005339383388452889,0,0,0,0,0.0
692,xMbIugepa2P7lBB,168,617.6715546571412,0.0037621666602591234,0,0,0,0,0.0
693,xoJJ8DcxJEcupym,168,758.3063417267866,0.004618757032920449,0,0,0,0,0.0
694,4UPUqMRk7TRMgml,169,399.4304832709333,0.002432885302751607,0,0,0,0,0.0
695,81aHJ1q11NBPMrL,169,77.01647621954264,0.00046909853131351905,0,0,0,0,0.0
696,9kRcWv60rDACzjR,169,73.46307307095442,0.00044745515992093644,0,0,0,0,0.0
697,Et9kgGMDl729KT4,169,299.17273416677074,0.001822226841521878,0,0,0,0,0.0
698,IQ2d7wF4YD8zU1Q,169,44.50080406751278,0.0002710492982155408,0,0,0,0,0.0
699,LYwnQax7tkwH5Cb,169,528.2671945323494,0.0032176149476098397,0,0,0,0,0.0
700,LlT2YUhhzqhg5Sw,169,188.48255035663536,0.0011480256159537015,0,0,0,0,0.0
701,Mx2yZCDsyf6DPfv,169,329.6070008397243,0.002007598472355643,0,0,0,0,0.0
702,NgDl19wMapZy17u,169,59.62496827404445,0.00036316884931528637,0,0,0,0,0.0
703,PeE6FRyGXUgsRhN,169,39.49916471909949,0.00024058488608361798,0,0,0,0,0.0
704,Qf4GUc1pJu5T6c6,169,274.50652489790764,0.0016719877873731044,0,0,0,0,0.0
705,Quc1TzYxW2pYoWX,169,1460.2348038088314,0.008894122861281892,0,0,0,1,0.0
706,V94E5Ben1TlhnDV,169,125.15894384657486,0.0007623287849708391,0,0,0,0,0.0
707,WcxssY2VbP4hApt,169,91.85539322958653,0.0005594806744260142,0,0,0,0,0.0
708,mqwcsP2rE7J0TFp,169,88.35048415585764,0.0005381326748864501,0,0,0,0,0.0
709,oZ35aAeoifZaQzV,169,411.53876533679096,0.0025066354613232917,0,0,0,0,0.0
710,oZZkBaNadn6DNKz,169,233.38706984511245,0.001421533898536472,0,0,0,0,0.0
711,q49J1IKaHRwDQnt,169,100.07237318323725,0.000609529357737652,0,0,0,0,0.0
712,rrq4fwE8jgrTyWY,169,646.5763705884256,0.003938222581885573,0,0,0,0,0.0
713,vOuJvMaM2sgwLmb,169,82.29159370932956,0.0005012286674666113,0,0,0,0,0.0
714,xMbIugepa2P7lBB,169,41.41829109770622,0.000252274064942479,0,0,0,0,0.0
715,xoJJ8DcxJEcupym,169,93.25236899751154,0.0005679894937485985,0,0,0,0,0.0
